Algorithm	Sample_Fraction	Replicate	n_samples	p_total	p_RNAseq	p_CNV	p_Methylation	p_miRNA	p_SNPs	K_neighbors	sigma	t	optk	ARI_to_Ground_Truth	Average_Silhouette_Width	SNF_Elapsed_Seconds	SNF_PeakRAM_MiB
ab-SNF	10	1	63	143830	56717	35858	36761	1568	12926	10	0.5	50	2	0.508890964101239	0.658582538492848	0.0390000000000015	86.0999999999999
ab-SNF	10	2	63	143830	56717	35858	36761	1568	12926	10	0.5	50	2	0.685066559903914	0.649105414161817	0.0350000000000001	86.1
ab-SNF	10	3	63	143830	56717	35858	36761	1568	12926	10	0.5	50	2	0.859457450761799	0.804737058596359	0.0300000000000011	86
ab-SNF	10	4	63	143830	56717	35858	36761	1568	12926	10	0.5	50	2	0.933460968230121	0.76802171540582	0.0419999999999945	86.1
ab-SNF	10	5	63	143830	56717	35858	36761	1568	12926	10	0.5	50	2	0.800043001505053	0.779619583501761	0.0419999999999945	86.1
ab-SNF	10	6	63	143830	56717	35858	36761	1568	12926	10	0.5	50	2	0.511311290817893	0.665017235607233	0.0339999999999989	86.1
ab-SNF	10	7	63	143830	56717	35858	36761	1568	12926	10	0.5	50	2	0.924895051804216	0.782498335405145	0.0420000000000016	86.1
ab-SNF	10	8	63	143830	56717	35858	36761	1568	12926	10	0.5	50	2	0.728813200313486	0.711755124475023	0.0420000000000016	86.1
ab-SNF	10	9	63	143830	56717	35858	36761	1568	12926	10	0.5	50	2	0.566323045078666	0.721602862206855	0.0349999999999966	86
ab-SNF	10	10	63	143830	56717	35858	36761	1568	12926	10	0.5	50	2	1	0.827379737961354	0.0330000000000013	86.0999999999999
ab-SNF	20	1	125	143830	56717	35858	36761	1568	12926	10	0.5	50	2	0.849116088175094	0.808268891197859	0.185000000000002	338.2
ab-SNF	20	2	125	143830	56717	35858	36761	1568	12926	10	0.5	50	2	0.639933292904791	0.698530404075651	0.183000000000007	338.2
ab-SNF	20	3	125	143830	56717	35858	36761	1568	12926	10	0.5	50	2	0.92942948523094	0.805213081881465	0.165999999999997	338.2
ab-SNF	20	4	125	143830	56717	35858	36761	1568	12926	10	0.5	50	2	0.795173383962974	0.692460338213449	0.183000000000007	338.2
ab-SNF	20	5	125	143830	56717	35858	36761	1568	12926	10	0.5	50	2	0.963672103880394	0.828381021167245	0.183999999999998	338.2
ab-SNF	20	6	125	143830	56717	35858	36761	1568	12926	10	0.5	50	2	0.826913421870282	0.78759309326467	0.183000000000007	338.2
ab-SNF	20	7	125	143830	56717	35858	36761	1568	12926	10	0.5	50	2	0.803921860442966	0.766849791358656	0.183000000000007	338.2
ab-SNF	20	8	125	143830	56717	35858	36761	1568	12926	10	0.5	50	2	0.797962648556876	0.735700481537201	0.185999999999993	338.2
ab-SNF	20	9	125	143830	56717	35858	36761	1568	12926	10	0.5	50	2	0.891075611535655	0.771638859125318	0.182999999999993	338.2
ab-SNF	20	10	125	143830	56717	35858	36761	1568	12926	10	0.5	50	2	0.732250741459485	0.709228778241712	0.183000000000021	338.2
ab-SNF	50	1	312	143830	56717	35858	36761	1568	12926	10	0.5	50	2	0.940822648277622	0.819457002472642	1.017	816.2
ab-SNF	50	2	312	143830	56717	35858	36761	1568	12926	10	0.5	50	2	0.819760263689229	0.746095579453385	1.01499999999999	816.2
ab-SNF	50	3	312	143830	56717	35858	36761	1568	12926	10	0.5	50	2	0.927001450469581	0.778844017894849	0.991000000000014	816.2
ab-SNF	50	4	312	143830	56717	35858	36761	1568	12926	10	0.5	50	2	0.886196741991553	0.745925840644648	1.01399999999998	816.2
ab-SNF	50	5	312	143830	56717	35858	36761	1568	12926	10	0.5	50	2	0.755544905628047	0.768015733543614	1.017	816.3
ab-SNF	50	6	312	143830	56717	35858	36761	1568	12926	10	0.5	50	2	1	0.78613671467119	1.01300000000001	816.3
ab-SNF	50	7	312	143830	56717	35858	36761	1568	12926	10	0.5	50	2	0.899761830261196	0.778232073478045	1.00700000000001	816.2
ab-SNF	50	8	312	143830	56717	35858	36761	1568	12926	10	0.5	50	2	0.941969885025179	0.775648590836765	1.01499999999999	816.2
ab-SNF	50	9	312	143830	56717	35858	36761	1568	12926	10	0.5	50	2	0.900944083198017	0.78526660694728	1.00700000000001	816.2
ab-SNF	50	10	312	143830	56717	35858	36761	1568	12926	10	0.5	50	2	0.970611636794576	0.78238871598695	1.01500000000001	816.2
ab-SNF	70	1	438	143830	56717	35858	36761	1568	12926	10	0.5	50	2	0.957216185370587	0.782085493883664	2.13400000000001	975.3
ab-SNF	70	2	438	143830	56717	35858	36761	1568	12926	10	0.5	50	2	0.978509094564803	0.78376032776991	2.22900000000004	1379.3
ab-SNF	70	3	438	143830	56717	35858	36761	1568	12926	10	0.5	50	2	0.915658689958138	0.76809327820409	2.18799999999999	1257.8
ab-SNF	70	4	438	143830	56717	35858	36761	1568	12926	10	0.5	50	2	0.906522624288953	0.75913553701196	2.16300000000001	1140.7
ab-SNF	70	5	438	143830	56717	35858	36761	1568	12926	10	0.5	50	2	0.946784093735775	0.8031686143407	2.14400000000001	1029
ab-SNF	70	6	438	143830	56717	35858	36761	1568	12926	10	0.5	50	2	0.968244479727826	0.773468436390954	2.12099999999998	921.2
ab-SNF	70	7	438	143830	56717	35858	36761	1568	12926	10	0.5	50	2	0.989312995652188	0.782843175325716	2.20600000000002	1317.8
ab-SNF	70	8	438	143830	56717	35858	36761	1568	12926	10	0.5	50	2	0.968398204116383	0.809635052166761	2.17599999999999	1198.8
ab-SNF	70	9	438	143830	56717	35858	36761	1568	12926	10	0.5	50	2	0.968086924149158	0.77934754676407	2.15800000000002	1083.6
ab-SNF	70	10	438	143830	56717	35858	36761	1568	12926	10	0.5	50	2	0.967921740462196	0.791394036963281	2.16799999999995	973.9
ab-SNF	90	1	562	143830	56717	35858	36761	1568	12926	10	0.5	50	2	0.974720770004423	0.768172416656361	3.78999999999996	1196.4
ab-SNF	90	2	562	143830	56717	35858	36761	1568	12926	10	0.5	50	2	0.951176435481679	0.79228666258246	3.76599999999996	1071.1
ab-SNF	90	3	562	143830	56717	35858	36761	1568	12926	10	0.5	50	2	0.983357794408676	0.774658362402213	3.85199999999998	1533.7
ab-SNF	90	4	562	143830	56717	35858	36761	1568	12926	10	0.5	50	2	0.975226932940216	0.793552894603141	3.83299999999997	1394
ab-SNF	90	5	562	143830	56717	35858	36761	1568	12926	10	0.5	50	2	0.975320077579643	0.804664669605137	3.88	1260.3
ab-SNF	90	6	562	143830	56717	35858	36761	1568	12926	10	0.5	50	2	0.983291153408688	0.777636027195761	3.77600000000001	1132.6
ab-SNF	90	7	562	143830	56717	35858	36761	1568	12926	10	0.5	50	2	1	0.78201756777751	3.86099999999999	1603.6
ab-SNF	90	8	562	143830	56717	35858	36761	1568	12926	10	0.5	50	2	0.983357985258459	0.77818116864603	3.84000000000003	1461.5
ab-SNF	90	9	562	143830	56717	35858	36761	1568	12926	10	0.5	50	2	0.98342296400803	0.784822086185271	3.83400000000006	1325.3
ab-SNF	90	10	562	143830	56717	35858	36761	1568	12926	10	0.5	50	2	0.991613673808743	0.7967318434013	3.79099999999994	1194
