job_name,silhouette,n_samples,n_clusters,embeddings_file,clusters_file
MSNE_k_50_nw_200_emb_50_win_5_wl_40,0.03792874940774336,625,5,output_MSNE_k_50_nw_200_emb_50_win_5_wl_40_embeddings.csv,output_MSNE_k_50_nw_200_emb_50_win_5_wl_40_clusters.csv
MSNE_k_10_nw_200_emb_50_win_5_wl_40,0.03767251157439669,625,5,output_MSNE_k_10_nw_200_emb_50_win_5_wl_40_embeddings.csv,output_MSNE_k_10_nw_200_emb_50_win_5_wl_40_clusters.csv
MSNE_k_20_nw_200_emb_50_win_5_wl_40,0.03672813221696277,625,5,output_MSNE_k_20_nw_200_emb_50_win_5_wl_40_embeddings.csv,output_MSNE_k_20_nw_200_emb_50_win_5_wl_40_clusters.csv
MSNE_k_30_nw_200_emb_50_win_5_wl_40,0.03599256301949681,625,5,output_MSNE_k_30_nw_200_emb_50_win_5_wl_40_embeddings.csv,output_MSNE_k_30_nw_200_emb_50_win_5_wl_40_clusters.csv
MSNE_k_40_nw_200_emb_50_win_5_wl_40,0.03469080924756063,625,5,output_MSNE_k_40_nw_200_emb_50_win_5_wl_40_embeddings.csv,output_MSNE_k_40_nw_200_emb_50_win_5_wl_40_clusters.csv
MSNE_k_50_nw_200_emb_50_win_15_wl_20,0.03454825688957714,625,5,output_MSNE_k_50_nw_200_emb_50_win_15_wl_20_embeddings.csv,output_MSNE_k_50_nw_200_emb_50_win_15_wl_20_clusters.csv
MSNE_k_30_nw_200_emb_50_win_5_wl_30,0.03249672195647601,625,5,output_MSNE_k_30_nw_200_emb_50_win_5_wl_30_embeddings.csv,output_MSNE_k_30_nw_200_emb_50_win_5_wl_30_clusters.csv
MSNE_k_40_nw_200_emb_50_win_5_wl_30,0.0315136628457548,625,5,output_MSNE_k_40_nw_200_emb_50_win_5_wl_30_embeddings.csv,output_MSNE_k_40_nw_200_emb_50_win_5_wl_30_clusters.csv
MSNE_k_50_nw_200_emb_50_win_5_wl_30,0.03142919269105736,625,5,output_MSNE_k_50_nw_200_emb_50_win_5_wl_30_embeddings.csv,output_MSNE_k_50_nw_200_emb_50_win_5_wl_30_clusters.csv
MSNE_k_30_nw_100_emb_50_win_15_wl_30,0.031352300663396296,625,5,output_MSNE_k_30_nw_100_emb_50_win_15_wl_30_embeddings.csv,output_MSNE_k_30_nw_100_emb_50_win_15_wl_30_clusters.csv
MSNE_k_10_nw_200_emb_50_win_5_wl_30,0.030816233032558614,625,5,output_MSNE_k_10_nw_200_emb_50_win_5_wl_30_embeddings.csv,output_MSNE_k_10_nw_200_emb_50_win_5_wl_30_clusters.csv
MSNE_k_50_nw_100_emb_50_win_15_wl_30,0.030587028773012497,625,5,output_MSNE_k_50_nw_100_emb_50_win_15_wl_30_embeddings.csv,output_MSNE_k_50_nw_100_emb_50_win_15_wl_30_clusters.csv
MSNE_k_30_nw_200_emb_50_win_10_wl_40,0.030533233885118773,625,5,output_MSNE_k_30_nw_200_emb_50_win_10_wl_40_embeddings.csv,output_MSNE_k_30_nw_200_emb_50_win_10_wl_40_clusters.csv
MSNE_k_20_nw_200_emb_50_win_5_wl_30,0.030076254977524655,625,5,output_MSNE_k_20_nw_200_emb_50_win_5_wl_30_embeddings.csv,output_MSNE_k_20_nw_200_emb_50_win_5_wl_30_clusters.csv
MSNE_k_20_nw_100_emb_50_win_10_wl_20,0.029110879481116535,625,5,output_MSNE_k_20_nw_100_emb_50_win_10_wl_20_embeddings.csv,output_MSNE_k_20_nw_100_emb_50_win_10_wl_20_clusters.csv
MSNE_k_10_nw_200_emb_50_win_10_wl_40,0.027976044036315217,625,5,output_MSNE_k_10_nw_200_emb_50_win_10_wl_40_embeddings.csv,output_MSNE_k_10_nw_200_emb_50_win_10_wl_40_clusters.csv
MSNE_k_20_nw_200_emb_50_win_10_wl_40,0.02795120821868104,625,5,output_MSNE_k_20_nw_200_emb_50_win_10_wl_40_embeddings.csv,output_MSNE_k_20_nw_200_emb_50_win_10_wl_40_clusters.csv
MSNE_k_40_nw_200_emb_50_win_10_wl_40,0.027829501977765722,625,5,output_MSNE_k_40_nw_200_emb_50_win_10_wl_40_embeddings.csv,output_MSNE_k_40_nw_200_emb_50_win_10_wl_40_clusters.csv
MSNE_k_50_nw_100_emb_50_win_5_wl_30,0.02762527044183463,625,5,output_MSNE_k_50_nw_100_emb_50_win_5_wl_30_embeddings.csv,output_MSNE_k_50_nw_100_emb_50_win_5_wl_30_clusters.csv
MSNE_k_20_nw_50_emb_50_win_10_wl_40,0.02745769761228664,625,5,output_MSNE_k_20_nw_50_emb_50_win_10_wl_40_embeddings.csv,output_MSNE_k_20_nw_50_emb_50_win_10_wl_40_clusters.csv
MSNE_k_10_nw_200_emb_50_win_5_wl_20,0.026787566812103692,625,5,output_MSNE_k_10_nw_200_emb_50_win_5_wl_20_embeddings.csv,output_MSNE_k_10_nw_200_emb_50_win_5_wl_20_clusters.csv
MSNE_k_40_nw_50_emb_50_win_15_wl_40,0.026327034338169356,625,5,output_MSNE_k_40_nw_50_emb_50_win_15_wl_40_embeddings.csv,output_MSNE_k_40_nw_50_emb_50_win_15_wl_40_clusters.csv
MSNE_k_50_nw_200_emb_50_win_10_wl_40,0.026217211976388807,625,5,output_MSNE_k_50_nw_200_emb_50_win_10_wl_40_embeddings.csv,output_MSNE_k_50_nw_200_emb_50_win_10_wl_40_clusters.csv
MSNE_k_50_nw_200_emb_50_win_5_wl_20,0.025972609376969512,625,5,output_MSNE_k_50_nw_200_emb_50_win_5_wl_20_embeddings.csv,output_MSNE_k_50_nw_200_emb_50_win_5_wl_20_clusters.csv
MSNE_k_40_nw_200_emb_50_win_5_wl_20,0.025934752692334213,625,5,output_MSNE_k_40_nw_200_emb_50_win_5_wl_20_embeddings.csv,output_MSNE_k_40_nw_200_emb_50_win_5_wl_20_clusters.csv
MSNE_k_20_nw_100_emb_50_win_5_wl_40,0.025686226965646698,625,5,output_MSNE_k_20_nw_100_emb_50_win_5_wl_40_embeddings.csv,output_MSNE_k_20_nw_100_emb_50_win_5_wl_40_clusters.csv
MSNE_k_40_nw_200_emb_50_win_10_wl_30,0.025405882229743486,625,5,output_MSNE_k_40_nw_200_emb_50_win_10_wl_30_embeddings.csv,output_MSNE_k_40_nw_200_emb_50_win_10_wl_30_clusters.csv
MSNE_k_40_nw_200_emb_50_win_15_wl_40,0.025344430704735105,625,5,output_MSNE_k_40_nw_200_emb_50_win_15_wl_40_embeddings.csv,output_MSNE_k_40_nw_200_emb_50_win_15_wl_40_clusters.csv
MSNE_k_20_nw_100_emb_50_win_5_wl_30,0.025236291036519014,625,5,output_MSNE_k_20_nw_100_emb_50_win_5_wl_30_embeddings.csv,output_MSNE_k_20_nw_100_emb_50_win_5_wl_30_clusters.csv
MSNE_k_10_nw_50_emb_50_win_5_wl_40,0.02501387010024846,625,5,output_MSNE_k_10_nw_50_emb_50_win_5_wl_40_embeddings.csv,output_MSNE_k_10_nw_50_emb_50_win_5_wl_40_clusters.csv
MSNE_k_50_nw_200_emb_50_win_10_wl_30,0.024786431144333897,625,5,output_MSNE_k_50_nw_200_emb_50_win_10_wl_30_embeddings.csv,output_MSNE_k_50_nw_200_emb_50_win_10_wl_30_clusters.csv
MSNE_k_20_nw_200_emb_50_win_10_wl_30,0.024675039478269496,625,5,output_MSNE_k_20_nw_200_emb_50_win_10_wl_30_embeddings.csv,output_MSNE_k_20_nw_200_emb_50_win_10_wl_30_clusters.csv
MSNE_k_10_nw_200_emb_50_win_10_wl_30,0.02461738789548343,625,5,output_MSNE_k_10_nw_200_emb_50_win_10_wl_30_embeddings.csv,output_MSNE_k_10_nw_200_emb_50_win_10_wl_30_clusters.csv
MSNE_k_10_nw_100_emb_50_win_5_wl_40,0.024467467963707565,625,5,output_MSNE_k_10_nw_100_emb_50_win_5_wl_40_embeddings.csv,output_MSNE_k_10_nw_100_emb_50_win_5_wl_40_clusters.csv
MSNE_k_40_nw_50_emb_200_win_5_wl_20,0.02434735212148787,625,5,output_MSNE_k_40_nw_50_emb_200_win_5_wl_20_embeddings.csv,output_MSNE_k_40_nw_50_emb_200_win_5_wl_20_clusters.csv
MSNE_k_40_nw_100_emb_50_win_5_wl_40,0.024326030150546116,625,5,output_MSNE_k_40_nw_100_emb_50_win_5_wl_40_embeddings.csv,output_MSNE_k_40_nw_100_emb_50_win_5_wl_40_clusters.csv
MSNE_k_30_nw_200_emb_50_win_10_wl_30,0.02429979353926712,625,5,output_MSNE_k_30_nw_200_emb_50_win_10_wl_30_embeddings.csv,output_MSNE_k_30_nw_200_emb_50_win_10_wl_30_clusters.csv
MSNE_k_20_nw_50_emb_50_win_5_wl_40,0.024294237517018508,625,5,output_MSNE_k_20_nw_50_emb_50_win_5_wl_40_embeddings.csv,output_MSNE_k_20_nw_50_emb_50_win_5_wl_40_clusters.csv
MSNE_k_30_nw_100_emb_50_win_5_wl_40,0.024262861803308493,625,5,output_MSNE_k_30_nw_100_emb_50_win_5_wl_40_embeddings.csv,output_MSNE_k_30_nw_100_emb_50_win_5_wl_40_clusters.csv
MSNE_k_20_nw_200_emb_50_win_5_wl_20,0.02420355872698805,625,5,output_MSNE_k_20_nw_200_emb_50_win_5_wl_20_embeddings.csv,output_MSNE_k_20_nw_200_emb_50_win_5_wl_20_clusters.csv
MSNE_k_20_nw_200_emb_50_win_15_wl_40,0.02410121208058826,625,5,output_MSNE_k_20_nw_200_emb_50_win_15_wl_40_embeddings.csv,output_MSNE_k_20_nw_200_emb_50_win_15_wl_40_clusters.csv
MSNE_k_10_nw_100_emb_50_win_5_wl_30,0.023879969267897816,625,5,output_MSNE_k_10_nw_100_emb_50_win_5_wl_30_embeddings.csv,output_MSNE_k_10_nw_100_emb_50_win_5_wl_30_clusters.csv
MSNE_k_50_nw_50_emb_200_win_5_wl_20,0.023805497631101517,625,5,output_MSNE_k_50_nw_50_emb_200_win_5_wl_20_embeddings.csv,output_MSNE_k_50_nw_50_emb_200_win_5_wl_20_clusters.csv
MSNE_k_30_nw_100_emb_50_win_5_wl_30,0.023754547377385367,625,5,output_MSNE_k_30_nw_100_emb_50_win_5_wl_30_embeddings.csv,output_MSNE_k_30_nw_100_emb_50_win_5_wl_30_clusters.csv
MSNE_k_30_nw_200_emb_50_win_5_wl_20,0.02373128505075633,625,5,output_MSNE_k_30_nw_200_emb_50_win_5_wl_20_embeddings.csv,output_MSNE_k_30_nw_200_emb_50_win_5_wl_20_clusters.csv
MSNE_k_50_nw_50_emb_50_win_5_wl_40,0.02370748847863524,625,5,output_MSNE_k_50_nw_50_emb_50_win_5_wl_40_embeddings.csv,output_MSNE_k_50_nw_50_emb_50_win_5_wl_40_clusters.csv
MSNE_k_50_nw_100_emb_50_win_5_wl_40,0.023705959079546052,625,5,output_MSNE_k_50_nw_100_emb_50_win_5_wl_40_embeddings.csv,output_MSNE_k_50_nw_100_emb_50_win_5_wl_40_clusters.csv
MSNE_k_30_nw_50_emb_50_win_5_wl_20,0.023683369952065273,625,5,output_MSNE_k_30_nw_50_emb_50_win_5_wl_20_embeddings.csv,output_MSNE_k_30_nw_50_emb_50_win_5_wl_20_clusters.csv
MSNE_k_30_nw_200_emb_50_win_15_wl_30,0.023575941101385552,625,5,output_MSNE_k_30_nw_200_emb_50_win_15_wl_30_embeddings.csv,output_MSNE_k_30_nw_200_emb_50_win_15_wl_30_clusters.csv
MSNE_k_10_nw_200_emb_50_win_15_wl_40,0.02342136350349681,625,5,output_MSNE_k_10_nw_200_emb_50_win_15_wl_40_embeddings.csv,output_MSNE_k_10_nw_200_emb_50_win_15_wl_40_clusters.csv
MSNE_k_30_nw_200_emb_50_win_10_wl_20,0.023406344507474468,625,5,output_MSNE_k_30_nw_200_emb_50_win_10_wl_20_embeddings.csv,output_MSNE_k_30_nw_200_emb_50_win_10_wl_20_clusters.csv
MSNE_k_50_nw_200_emb_50_win_15_wl_40,0.023212724224395135,625,5,output_MSNE_k_50_nw_200_emb_50_win_15_wl_40_embeddings.csv,output_MSNE_k_50_nw_200_emb_50_win_15_wl_40_clusters.csv
MSNE_k_30_nw_50_emb_50_win_15_wl_30,0.023163004040094866,625,5,output_MSNE_k_30_nw_50_emb_50_win_15_wl_30_embeddings.csv,output_MSNE_k_30_nw_50_emb_50_win_15_wl_30_clusters.csv
MSNE_k_20_nw_50_emb_50_win_15_wl_30,0.022725033666024387,625,5,output_MSNE_k_20_nw_50_emb_50_win_15_wl_30_embeddings.csv,output_MSNE_k_20_nw_50_emb_50_win_15_wl_30_clusters.csv
MSNE_k_10_nw_50_emb_50_win_5_wl_20,0.022695721080762427,625,5,output_MSNE_k_10_nw_50_emb_50_win_5_wl_20_embeddings.csv,output_MSNE_k_10_nw_50_emb_50_win_5_wl_20_clusters.csv
MSNE_k_10_nw_100_emb_50_win_5_wl_20,0.02252708810900172,625,5,output_MSNE_k_10_nw_100_emb_50_win_5_wl_20_embeddings.csv,output_MSNE_k_10_nw_100_emb_50_win_5_wl_20_clusters.csv
MSNE_k_10_nw_50_emb_200_win_5_wl_20,0.0224348380421943,625,5,output_MSNE_k_10_nw_50_emb_200_win_5_wl_20_embeddings.csv,output_MSNE_k_10_nw_50_emb_200_win_5_wl_20_clusters.csv
MSNE_k_40_nw_100_emb_50_win_5_wl_30,0.02218542633411959,625,5,output_MSNE_k_40_nw_100_emb_50_win_5_wl_30_embeddings.csv,output_MSNE_k_40_nw_100_emb_50_win_5_wl_30_clusters.csv
MSNE_k_20_nw_100_emb_50_win_15_wl_30,0.02216349297848845,625,5,output_MSNE_k_20_nw_100_emb_50_win_15_wl_30_embeddings.csv,output_MSNE_k_20_nw_100_emb_50_win_15_wl_30_clusters.csv
MSNE_k_10_nw_200_emb_50_win_15_wl_30,0.022152336495719006,625,5,output_MSNE_k_10_nw_200_emb_50_win_15_wl_30_embeddings.csv,output_MSNE_k_10_nw_200_emb_50_win_15_wl_30_clusters.csv
MSNE_k_40_nw_50_emb_50_win_5_wl_20,0.02214622309190202,625,5,output_MSNE_k_40_nw_50_emb_50_win_5_wl_20_embeddings.csv,output_MSNE_k_40_nw_50_emb_50_win_5_wl_20_clusters.csv
MSNE_k_20_nw_50_emb_50_win_5_wl_20,0.022026993611676822,625,5,output_MSNE_k_20_nw_50_emb_50_win_5_wl_20_embeddings.csv,output_MSNE_k_20_nw_50_emb_50_win_5_wl_20_clusters.csv
MSNE_k_30_nw_200_emb_50_win_15_wl_40,0.02200326664999028,625,5,output_MSNE_k_30_nw_200_emb_50_win_15_wl_40_embeddings.csv,output_MSNE_k_30_nw_200_emb_50_win_15_wl_40_clusters.csv
MSNE_k_50_nw_50_emb_50_win_5_wl_30,0.02197753971145532,625,5,output_MSNE_k_50_nw_50_emb_50_win_5_wl_30_embeddings.csv,output_MSNE_k_50_nw_50_emb_50_win_5_wl_30_clusters.csv
MSNE_k_50_nw_100_emb_100_win_15_wl_40,0.021772958445139955,625,5,output_MSNE_k_50_nw_100_emb_100_win_15_wl_40_embeddings.csv,output_MSNE_k_50_nw_100_emb_100_win_15_wl_40_clusters.csv
MSNE_k_50_nw_50_emb_50_win_5_wl_20,0.021726916643682478,625,5,output_MSNE_k_50_nw_50_emb_50_win_5_wl_20_embeddings.csv,output_MSNE_k_50_nw_50_emb_50_win_5_wl_20_clusters.csv
MSNE_k_10_nw_50_emb_100_win_5_wl_20,0.02172117960237379,625,5,output_MSNE_k_10_nw_50_emb_100_win_5_wl_20_embeddings.csv,output_MSNE_k_10_nw_50_emb_100_win_5_wl_20_clusters.csv
MSNE_k_50_nw_200_emb_50_win_15_wl_30,0.021637014376020697,625,5,output_MSNE_k_50_nw_200_emb_50_win_15_wl_30_embeddings.csv,output_MSNE_k_50_nw_200_emb_50_win_15_wl_30_clusters.csv
MSNE_k_40_nw_50_emb_50_win_15_wl_30,0.021422608817837953,625,5,output_MSNE_k_40_nw_50_emb_50_win_15_wl_30_embeddings.csv,output_MSNE_k_40_nw_50_emb_50_win_15_wl_30_clusters.csv
MSNE_k_40_nw_200_emb_50_win_15_wl_30,0.02140227403494178,625,5,output_MSNE_k_40_nw_200_emb_50_win_15_wl_30_embeddings.csv,output_MSNE_k_40_nw_200_emb_50_win_15_wl_30_clusters.csv
MSNE_k_30_nw_100_emb_50_win_10_wl_40,0.0213163758526487,625,5,output_MSNE_k_30_nw_100_emb_50_win_10_wl_40_embeddings.csv,output_MSNE_k_30_nw_100_emb_50_win_10_wl_40_clusters.csv
MSNE_k_20_nw_200_emb_50_win_15_wl_30,0.021309002138967234,625,5,output_MSNE_k_20_nw_200_emb_50_win_15_wl_30_embeddings.csv,output_MSNE_k_20_nw_200_emb_50_win_15_wl_30_clusters.csv
MSNE_k_10_nw_100_emb_50_win_10_wl_40,0.0212484440827992,625,5,output_MSNE_k_10_nw_100_emb_50_win_10_wl_40_embeddings.csv,output_MSNE_k_10_nw_100_emb_50_win_10_wl_40_clusters.csv
MSNE_k_20_nw_100_emb_50_win_5_wl_20,0.02115656265670791,625,5,output_MSNE_k_20_nw_100_emb_50_win_5_wl_20_embeddings.csv,output_MSNE_k_20_nw_100_emb_50_win_5_wl_20_clusters.csv
MSNE_k_40_nw_50_emb_50_win_10_wl_30,0.021114877158879584,625,5,output_MSNE_k_40_nw_50_emb_50_win_10_wl_30_embeddings.csv,output_MSNE_k_40_nw_50_emb_50_win_10_wl_30_clusters.csv
MSNE_k_30_nw_200_emb_50_win_15_wl_20,0.021103854842003743,625,5,output_MSNE_k_30_nw_200_emb_50_win_15_wl_20_embeddings.csv,output_MSNE_k_30_nw_200_emb_50_win_15_wl_20_clusters.csv
MSNE_k_20_nw_100_emb_50_win_15_wl_40,0.02100198686292992,625,5,output_MSNE_k_20_nw_100_emb_50_win_15_wl_40_embeddings.csv,output_MSNE_k_20_nw_100_emb_50_win_15_wl_40_clusters.csv
MSNE_k_20_nw_50_emb_200_win_5_wl_20,0.020833945755184123,625,5,output_MSNE_k_20_nw_50_emb_200_win_5_wl_20_embeddings.csv,output_MSNE_k_20_nw_50_emb_200_win_5_wl_20_clusters.csv
MSNE_k_40_nw_200_emb_50_win_10_wl_20,0.020752120255819323,625,5,output_MSNE_k_40_nw_200_emb_50_win_10_wl_20_embeddings.csv,output_MSNE_k_40_nw_200_emb_50_win_10_wl_20_clusters.csv
MSNE_k_50_nw_200_emb_50_win_10_wl_20,0.020687646551507708,625,5,output_MSNE_k_50_nw_200_emb_50_win_10_wl_20_embeddings.csv,output_MSNE_k_50_nw_200_emb_50_win_10_wl_20_clusters.csv
MSNE_k_50_nw_100_emb_50_win_10_wl_40,0.02060183773488688,625,5,output_MSNE_k_50_nw_100_emb_50_win_10_wl_40_embeddings.csv,output_MSNE_k_50_nw_100_emb_50_win_10_wl_40_clusters.csv
MSNE_k_20_nw_200_emb_100_win_5_wl_40,0.020569210071487407,625,5,output_MSNE_k_20_nw_200_emb_100_win_5_wl_40_embeddings.csv,output_MSNE_k_20_nw_200_emb_100_win_5_wl_40_clusters.csv
MSNE_k_30_nw_50_emb_200_win_5_wl_20,0.020560398057335425,625,5,output_MSNE_k_30_nw_50_emb_200_win_5_wl_20_embeddings.csv,output_MSNE_k_30_nw_50_emb_200_win_5_wl_20_clusters.csv
MSNE_k_40_nw_50_emb_50_win_5_wl_30,0.02040647747078247,625,5,output_MSNE_k_40_nw_50_emb_50_win_5_wl_30_embeddings.csv,output_MSNE_k_40_nw_50_emb_50_win_5_wl_30_clusters.csv
MSNE_k_20_nw_200_emb_50_win_10_wl_20,0.020386197728488598,625,5,output_MSNE_k_20_nw_200_emb_50_win_10_wl_20_embeddings.csv,output_MSNE_k_20_nw_200_emb_50_win_10_wl_20_clusters.csv
MSNE_k_40_nw_200_emb_100_win_5_wl_40,0.020347758482924843,625,5,output_MSNE_k_40_nw_200_emb_100_win_5_wl_40_embeddings.csv,output_MSNE_k_40_nw_200_emb_100_win_5_wl_40_clusters.csv
MSNE_k_50_nw_100_emb_50_win_10_wl_30,0.020338208659330472,625,5,output_MSNE_k_50_nw_100_emb_50_win_10_wl_30_embeddings.csv,output_MSNE_k_50_nw_100_emb_50_win_10_wl_30_clusters.csv
MSNE_k_30_nw_50_emb_50_win_10_wl_20,0.020333233299749395,625,5,output_MSNE_k_30_nw_50_emb_50_win_10_wl_20_embeddings.csv,output_MSNE_k_30_nw_50_emb_50_win_10_wl_20_clusters.csv
MSNE_k_10_nw_200_emb_50_win_15_wl_20,0.020166755121188734,625,5,output_MSNE_k_10_nw_200_emb_50_win_15_wl_20_embeddings.csv,output_MSNE_k_10_nw_200_emb_50_win_15_wl_20_clusters.csv
MSNE_k_40_nw_100_emb_50_win_10_wl_40,0.020024795766892145,625,5,output_MSNE_k_40_nw_100_emb_50_win_10_wl_40_embeddings.csv,output_MSNE_k_40_nw_100_emb_50_win_10_wl_40_clusters.csv
MSNE_k_20_nw_50_emb_100_win_5_wl_20,0.01996402464600432,625,5,output_MSNE_k_20_nw_50_emb_100_win_5_wl_20_embeddings.csv,output_MSNE_k_20_nw_50_emb_100_win_5_wl_20_clusters.csv
MSNE_k_10_nw_50_emb_50_win_5_wl_30,0.01992440123475487,625,5,output_MSNE_k_10_nw_50_emb_50_win_5_wl_30_embeddings.csv,output_MSNE_k_10_nw_50_emb_50_win_5_wl_30_clusters.csv
MSNE_k_40_nw_50_emb_50_win_5_wl_40,0.01988979662500077,625,5,output_MSNE_k_40_nw_50_emb_50_win_5_wl_40_embeddings.csv,output_MSNE_k_40_nw_50_emb_50_win_5_wl_40_clusters.csv
MSNE_k_10_nw_100_emb_100_win_15_wl_40,0.01987457172570834,625,5,output_MSNE_k_10_nw_100_emb_100_win_15_wl_40_embeddings.csv,output_MSNE_k_10_nw_100_emb_100_win_15_wl_40_clusters.csv
MSNE_k_20_nw_50_emb_50_win_5_wl_30,0.019873622337470028,625,5,output_MSNE_k_20_nw_50_emb_50_win_5_wl_30_embeddings.csv,output_MSNE_k_20_nw_50_emb_50_win_5_wl_30_clusters.csv
MSNE_k_40_nw_100_emb_50_win_5_wl_20,0.01983771042686054,625,5,output_MSNE_k_40_nw_100_emb_50_win_5_wl_20_embeddings.csv,output_MSNE_k_40_nw_100_emb_50_win_5_wl_20_clusters.csv
MSNE_k_10_nw_100_emb_50_win_15_wl_40,0.01975995308233541,625,5,output_MSNE_k_10_nw_100_emb_50_win_15_wl_40_embeddings.csv,output_MSNE_k_10_nw_100_emb_50_win_15_wl_40_clusters.csv
MSNE_k_50_nw_100_emb_50_win_15_wl_40,0.019754071897631478,625,5,output_MSNE_k_50_nw_100_emb_50_win_15_wl_40_embeddings.csv,output_MSNE_k_50_nw_100_emb_50_win_15_wl_40_clusters.csv
MSNE_k_30_nw_100_emb_50_win_15_wl_40,0.01968798139251117,625,5,output_MSNE_k_30_nw_100_emb_50_win_15_wl_40_embeddings.csv,output_MSNE_k_30_nw_100_emb_50_win_15_wl_40_clusters.csv
MSNE_k_20_nw_100_emb_50_win_10_wl_40,0.01965677106388224,625,5,output_MSNE_k_20_nw_100_emb_50_win_10_wl_40_embeddings.csv,output_MSNE_k_20_nw_100_emb_50_win_10_wl_40_clusters.csv
MSNE_k_50_nw_100_emb_50_win_5_wl_20,0.019536252465608597,625,5,output_MSNE_k_50_nw_100_emb_50_win_5_wl_20_embeddings.csv,output_MSNE_k_50_nw_100_emb_50_win_5_wl_20_clusters.csv
MSNE_k_50_nw_50_emb_100_win_5_wl_20,0.01949705375323212,625,5,output_MSNE_k_50_nw_50_emb_100_win_5_wl_20_embeddings.csv,output_MSNE_k_50_nw_50_emb_100_win_5_wl_20_clusters.csv
MSNE_k_10_nw_200_emb_100_win_5_wl_40,0.019456706834651276,625,5,output_MSNE_k_10_nw_200_emb_100_win_5_wl_40_embeddings.csv,output_MSNE_k_10_nw_200_emb_100_win_5_wl_40_clusters.csv
MSNE_k_20_nw_200_emb_50_win_15_wl_20,0.019438303374318098,625,5,output_MSNE_k_20_nw_200_emb_50_win_15_wl_20_embeddings.csv,output_MSNE_k_20_nw_200_emb_50_win_15_wl_20_clusters.csv
MSNE_k_30_nw_50_emb_50_win_5_wl_40,0.019407719411986945,625,5,output_MSNE_k_30_nw_50_emb_50_win_5_wl_40_embeddings.csv,output_MSNE_k_30_nw_50_emb_50_win_5_wl_40_clusters.csv
MSNE_k_10_nw_200_emb_50_win_10_wl_20,0.019316197952654064,625,5,output_MSNE_k_10_nw_200_emb_50_win_10_wl_20_embeddings.csv,output_MSNE_k_10_nw_200_emb_50_win_10_wl_20_clusters.csv
MSNE_k_30_nw_50_emb_50_win_5_wl_30,0.019282732343279055,625,5,output_MSNE_k_30_nw_50_emb_50_win_5_wl_30_embeddings.csv,output_MSNE_k_30_nw_50_emb_50_win_5_wl_30_clusters.csv
MSNE_k_10_nw_200_emb_100_win_10_wl_20,0.019218045812856507,625,5,output_MSNE_k_10_nw_200_emb_100_win_10_wl_20_embeddings.csv,output_MSNE_k_10_nw_200_emb_100_win_10_wl_20_clusters.csv
MSNE_k_10_nw_50_emb_50_win_10_wl_30,0.01917863521617167,625,5,output_MSNE_k_10_nw_50_emb_50_win_10_wl_30_embeddings.csv,output_MSNE_k_10_nw_50_emb_50_win_10_wl_30_clusters.csv
MSNE_k_30_nw_50_emb_50_win_10_wl_40,0.019091888180403478,625,5,output_MSNE_k_30_nw_50_emb_50_win_10_wl_40_embeddings.csv,output_MSNE_k_30_nw_50_emb_50_win_10_wl_40_clusters.csv
MSNE_k_30_nw_50_emb_50_win_10_wl_30,0.01906480215385587,625,5,output_MSNE_k_30_nw_50_emb_50_win_10_wl_30_embeddings.csv,output_MSNE_k_30_nw_50_emb_50_win_10_wl_30_clusters.csv
MSNE_k_30_nw_100_emb_50_win_10_wl_30,0.01901149232816918,625,5,output_MSNE_k_30_nw_100_emb_50_win_10_wl_30_embeddings.csv,output_MSNE_k_30_nw_100_emb_50_win_10_wl_30_clusters.csv
MSNE_k_30_nw_100_emb_50_win_5_wl_20,0.018930074739517543,625,5,output_MSNE_k_30_nw_100_emb_50_win_5_wl_20_embeddings.csv,output_MSNE_k_30_nw_100_emb_50_win_5_wl_20_clusters.csv
MSNE_k_50_nw_50_emb_50_win_10_wl_20,0.01892796078655765,625,5,output_MSNE_k_50_nw_50_emb_50_win_10_wl_20_embeddings.csv,output_MSNE_k_50_nw_50_emb_50_win_10_wl_20_clusters.csv
MSNE_k_40_nw_200_emb_50_win_15_wl_20,0.01887467150673809,625,5,output_MSNE_k_40_nw_200_emb_50_win_15_wl_20_embeddings.csv,output_MSNE_k_40_nw_200_emb_50_win_15_wl_20_clusters.csv
MSNE_k_30_nw_50_emb_100_win_5_wl_20,0.01886610951557247,625,5,output_MSNE_k_30_nw_50_emb_100_win_5_wl_20_embeddings.csv,output_MSNE_k_30_nw_50_emb_100_win_5_wl_20_clusters.csv
MSNE_k_30_nw_100_emb_50_win_10_wl_20,0.01884821982242356,625,5,output_MSNE_k_30_nw_100_emb_50_win_10_wl_20_embeddings.csv,output_MSNE_k_30_nw_100_emb_50_win_10_wl_20_clusters.csv
MSNE_k_20_nw_100_emb_50_win_15_wl_20,0.01882158171517937,625,5,output_MSNE_k_20_nw_100_emb_50_win_15_wl_20_embeddings.csv,output_MSNE_k_20_nw_100_emb_50_win_15_wl_20_clusters.csv
MSNE_k_40_nw_100_emb_50_win_15_wl_30,0.01881926017755028,625,5,output_MSNE_k_40_nw_100_emb_50_win_15_wl_30_embeddings.csv,output_MSNE_k_40_nw_100_emb_50_win_15_wl_30_clusters.csv
MSNE_k_50_nw_50_emb_50_win_10_wl_40,0.018701826565590017,625,5,output_MSNE_k_50_nw_50_emb_50_win_10_wl_40_embeddings.csv,output_MSNE_k_50_nw_50_emb_50_win_10_wl_40_clusters.csv
MSNE_k_50_nw_200_emb_100_win_5_wl_40,0.0186562566716376,625,5,output_MSNE_k_50_nw_200_emb_100_win_5_wl_40_embeddings.csv,output_MSNE_k_50_nw_200_emb_100_win_5_wl_40_clusters.csv
MSNE_k_20_nw_50_emb_50_win_10_wl_20,0.018475181366478147,625,5,output_MSNE_k_20_nw_50_emb_50_win_10_wl_20_embeddings.csv,output_MSNE_k_20_nw_50_emb_50_win_10_wl_20_clusters.csv
MSNE_k_20_nw_100_emb_50_win_10_wl_30,0.018471086231640288,625,5,output_MSNE_k_20_nw_100_emb_50_win_10_wl_30_embeddings.csv,output_MSNE_k_20_nw_100_emb_50_win_10_wl_30_clusters.csv
MSNE_k_10_nw_50_emb_50_win_10_wl_20,0.018441245980076435,625,5,output_MSNE_k_10_nw_50_emb_50_win_10_wl_20_embeddings.csv,output_MSNE_k_10_nw_50_emb_50_win_10_wl_20_clusters.csv
MSNE_k_10_nw_50_emb_50_win_10_wl_40,0.01842146312245835,625,5,output_MSNE_k_10_nw_50_emb_50_win_10_wl_40_embeddings.csv,output_MSNE_k_10_nw_50_emb_50_win_10_wl_40_clusters.csv
MSNE_k_40_nw_50_emb_50_win_10_wl_20,0.018198778246566707,625,5,output_MSNE_k_40_nw_50_emb_50_win_10_wl_20_embeddings.csv,output_MSNE_k_40_nw_50_emb_50_win_10_wl_20_clusters.csv
MSNE_k_40_nw_200_emb_100_win_5_wl_30,0.018162928833837626,625,5,output_MSNE_k_40_nw_200_emb_100_win_5_wl_30_embeddings.csv,output_MSNE_k_40_nw_200_emb_100_win_5_wl_30_clusters.csv
MSNE_k_40_nw_50_emb_100_win_5_wl_20,0.018125035021112672,625,5,output_MSNE_k_40_nw_50_emb_100_win_5_wl_20_embeddings.csv,output_MSNE_k_40_nw_50_emb_100_win_5_wl_20_clusters.csv
MSNE_k_50_nw_50_emb_50_win_15_wl_40,0.018051301016378474,625,5,output_MSNE_k_50_nw_50_emb_50_win_15_wl_40_embeddings.csv,output_MSNE_k_50_nw_50_emb_50_win_15_wl_40_clusters.csv
MSNE_k_50_nw_100_emb_50_win_10_wl_20,0.01800567553616076,625,5,output_MSNE_k_50_nw_100_emb_50_win_10_wl_20_embeddings.csv,output_MSNE_k_50_nw_100_emb_50_win_10_wl_20_clusters.csv
MSNE_k_10_nw_100_emb_50_win_15_wl_30,0.017927206694499397,625,5,output_MSNE_k_10_nw_100_emb_50_win_15_wl_30_embeddings.csv,output_MSNE_k_10_nw_100_emb_50_win_15_wl_30_clusters.csv
MSNE_k_10_nw_100_emb_50_win_10_wl_20,0.017908963448986757,625,5,output_MSNE_k_10_nw_100_emb_50_win_10_wl_20_embeddings.csv,output_MSNE_k_10_nw_100_emb_50_win_10_wl_20_clusters.csv
MSNE_k_40_nw_50_emb_50_win_15_wl_20,0.017764821324019537,625,5,output_MSNE_k_40_nw_50_emb_50_win_15_wl_20_embeddings.csv,output_MSNE_k_40_nw_50_emb_50_win_15_wl_20_clusters.csv
MSNE_k_10_nw_50_emb_50_win_15_wl_40,0.01771284185997768,625,5,output_MSNE_k_10_nw_50_emb_50_win_15_wl_40_embeddings.csv,output_MSNE_k_10_nw_50_emb_50_win_15_wl_40_clusters.csv
MSNE_k_20_nw_50_emb_50_win_15_wl_20,0.017707821336691347,625,5,output_MSNE_k_20_nw_50_emb_50_win_15_wl_20_embeddings.csv,output_MSNE_k_20_nw_50_emb_50_win_15_wl_20_clusters.csv
MSNE_k_40_nw_50_emb_50_win_10_wl_40,0.01768651229996391,625,5,output_MSNE_k_40_nw_50_emb_50_win_10_wl_40_embeddings.csv,output_MSNE_k_40_nw_50_emb_50_win_10_wl_40_clusters.csv
MSNE_k_40_nw_100_emb_50_win_10_wl_30,0.017656925243035693,625,5,output_MSNE_k_40_nw_100_emb_50_win_10_wl_30_embeddings.csv,output_MSNE_k_40_nw_100_emb_50_win_10_wl_30_clusters.csv
MSNE_k_50_nw_50_emb_50_win_15_wl_20,0.01760514174017209,625,5,output_MSNE_k_50_nw_50_emb_50_win_15_wl_20_embeddings.csv,output_MSNE_k_50_nw_50_emb_50_win_15_wl_20_clusters.csv
MSNE_k_40_nw_100_emb_50_win_15_wl_40,0.017587695730867242,625,5,output_MSNE_k_40_nw_100_emb_50_win_15_wl_40_embeddings.csv,output_MSNE_k_40_nw_100_emb_50_win_15_wl_40_clusters.csv
MSNE_k_30_nw_50_emb_50_win_15_wl_20,0.017547165752642556,625,5,output_MSNE_k_30_nw_50_emb_50_win_15_wl_20_embeddings.csv,output_MSNE_k_30_nw_50_emb_50_win_15_wl_20_clusters.csv
MSNE_k_40_nw_100_emb_50_win_15_wl_20,0.01754571928777603,625,5,output_MSNE_k_40_nw_100_emb_50_win_15_wl_20_embeddings.csv,output_MSNE_k_40_nw_100_emb_50_win_15_wl_20_clusters.csv
MSNE_k_10_nw_100_emb_50_win_10_wl_30,0.017515946407266697,625,5,output_MSNE_k_10_nw_100_emb_50_win_10_wl_30_embeddings.csv,output_MSNE_k_10_nw_100_emb_50_win_10_wl_30_clusters.csv
MSNE_k_30_nw_200_emb_100_win_5_wl_30,0.017474361066869448,625,5,output_MSNE_k_30_nw_200_emb_100_win_5_wl_30_embeddings.csv,output_MSNE_k_30_nw_200_emb_100_win_5_wl_30_clusters.csv
MSNE_k_20_nw_100_emb_100_win_15_wl_30,0.01744174654356263,625,5,output_MSNE_k_20_nw_100_emb_100_win_15_wl_30_embeddings.csv,output_MSNE_k_20_nw_100_emb_100_win_15_wl_30_clusters.csv
MSNE_k_20_nw_50_emb_50_win_15_wl_40,0.017439723320987904,625,5,output_MSNE_k_20_nw_50_emb_50_win_15_wl_40_embeddings.csv,output_MSNE_k_20_nw_50_emb_50_win_15_wl_40_clusters.csv
MSNE_k_50_nw_50_emb_50_win_10_wl_30,0.017378153475880342,625,5,output_MSNE_k_50_nw_50_emb_50_win_10_wl_30_embeddings.csv,output_MSNE_k_50_nw_50_emb_50_win_10_wl_30_clusters.csv
MSNE_k_30_nw_100_emb_50_win_15_wl_20,0.01732767873584051,625,5,output_MSNE_k_30_nw_100_emb_50_win_15_wl_20_embeddings.csv,output_MSNE_k_30_nw_100_emb_50_win_15_wl_20_clusters.csv
MSNE_k_50_nw_50_emb_50_win_15_wl_30,0.017299547002423952,625,5,output_MSNE_k_50_nw_50_emb_50_win_15_wl_30_embeddings.csv,output_MSNE_k_50_nw_50_emb_50_win_15_wl_30_clusters.csv
MSNE_k_10_nw_50_emb_50_win_15_wl_30,0.017216320837397284,625,5,output_MSNE_k_10_nw_50_emb_50_win_15_wl_30_embeddings.csv,output_MSNE_k_10_nw_50_emb_50_win_15_wl_30_clusters.csv
MSNE_k_40_nw_100_emb_50_win_10_wl_20,0.017049038094847604,625,5,output_MSNE_k_40_nw_100_emb_50_win_10_wl_20_embeddings.csv,output_MSNE_k_40_nw_100_emb_50_win_10_wl_20_clusters.csv
MSNE_k_20_nw_50_emb_50_win_10_wl_30,0.016903510340926225,625,5,output_MSNE_k_20_nw_50_emb_50_win_10_wl_30_embeddings.csv,output_MSNE_k_20_nw_50_emb_50_win_10_wl_30_clusters.csv
MSNE_k_50_nw_50_emb_100_win_5_wl_30,0.016894300770424364,625,5,output_MSNE_k_50_nw_50_emb_100_win_5_wl_30_embeddings.csv,output_MSNE_k_50_nw_50_emb_100_win_5_wl_30_clusters.csv
MSNE_k_30_nw_50_emb_50_win_15_wl_40,0.01686473292165712,625,5,output_MSNE_k_30_nw_50_emb_50_win_15_wl_40_embeddings.csv,output_MSNE_k_30_nw_50_emb_50_win_15_wl_40_clusters.csv
MSNE_k_40_nw_50_emb_100_win_5_wl_40,0.016817381627555028,625,5,output_MSNE_k_40_nw_50_emb_100_win_5_wl_40_embeddings.csv,output_MSNE_k_40_nw_50_emb_100_win_5_wl_40_clusters.csv
MSNE_k_30_nw_200_emb_100_win_5_wl_40,0.0167903403618926,625,5,output_MSNE_k_30_nw_200_emb_100_win_5_wl_40_embeddings.csv,output_MSNE_k_30_nw_200_emb_100_win_5_wl_40_clusters.csv
MSNE_k_50_nw_100_emb_50_win_15_wl_20,0.016619224637091538,625,5,output_MSNE_k_50_nw_100_emb_50_win_15_wl_20_embeddings.csv,output_MSNE_k_50_nw_100_emb_50_win_15_wl_20_clusters.csv
MSNE_k_40_nw_50_emb_100_win_10_wl_40,0.0165732938203629,625,5,output_MSNE_k_40_nw_50_emb_100_win_10_wl_40_embeddings.csv,output_MSNE_k_40_nw_50_emb_100_win_10_wl_40_clusters.csv
MSNE_k_20_nw_100_emb_100_win_10_wl_20,0.016389730365072772,625,5,output_MSNE_k_20_nw_100_emb_100_win_10_wl_20_embeddings.csv,output_MSNE_k_20_nw_100_emb_100_win_10_wl_20_clusters.csv
MSNE_k_50_nw_200_emb_100_win_5_wl_30,0.016388394742649574,625,5,output_MSNE_k_50_nw_200_emb_100_win_5_wl_30_embeddings.csv,output_MSNE_k_50_nw_200_emb_100_win_5_wl_30_clusters.csv
MSNE_k_10_nw_100_emb_50_win_15_wl_20,0.016153125199915318,625,5,output_MSNE_k_10_nw_100_emb_50_win_15_wl_20_embeddings.csv,output_MSNE_k_10_nw_100_emb_50_win_15_wl_20_clusters.csv
MSNE_k_30_nw_50_emb_100_win_5_wl_40,0.015889830759945062,625,5,output_MSNE_k_30_nw_50_emb_100_win_5_wl_40_embeddings.csv,output_MSNE_k_30_nw_50_emb_100_win_5_wl_40_clusters.csv
MSNE_k_10_nw_100_emb_100_win_5_wl_20,0.015867239657100275,625,5,output_MSNE_k_10_nw_100_emb_100_win_5_wl_20_embeddings.csv,output_MSNE_k_10_nw_100_emb_100_win_5_wl_20_clusters.csv
MSNE_k_20_nw_50_emb_100_win_5_wl_30,0.015851634416540913,625,5,output_MSNE_k_20_nw_50_emb_100_win_5_wl_30_embeddings.csv,output_MSNE_k_20_nw_50_emb_100_win_5_wl_30_clusters.csv
MSNE_k_20_nw_200_emb_100_win_5_wl_30,0.015762047881959396,625,5,output_MSNE_k_20_nw_200_emb_100_win_5_wl_30_embeddings.csv,output_MSNE_k_20_nw_200_emb_100_win_5_wl_30_clusters.csv
MSNE_k_10_nw_200_emb_100_win_5_wl_30,0.015758558470740813,625,5,output_MSNE_k_10_nw_200_emb_100_win_5_wl_30_embeddings.csv,output_MSNE_k_10_nw_200_emb_100_win_5_wl_30_clusters.csv
MSNE_k_30_nw_200_emb_100_win_10_wl_20,0.015667347035666735,625,5,output_MSNE_k_30_nw_200_emb_100_win_10_wl_20_embeddings.csv,output_MSNE_k_30_nw_200_emb_100_win_10_wl_20_clusters.csv
MSNE_k_30_nw_100_emb_100_win_5_wl_40,0.015658046717574592,625,5,output_MSNE_k_30_nw_100_emb_100_win_5_wl_40_embeddings.csv,output_MSNE_k_30_nw_100_emb_100_win_5_wl_40_clusters.csv
MSNE_k_10_nw_50_emb_50_win_15_wl_20,0.015608280144698065,625,5,output_MSNE_k_10_nw_50_emb_50_win_15_wl_20_embeddings.csv,output_MSNE_k_10_nw_50_emb_50_win_15_wl_20_clusters.csv
MSNE_k_30_nw_50_emb_100_win_15_wl_40,0.015325155680476703,625,5,output_MSNE_k_30_nw_50_emb_100_win_15_wl_40_embeddings.csv,output_MSNE_k_30_nw_50_emb_100_win_15_wl_40_clusters.csv
MSNE_k_30_nw_200_emb_100_win_10_wl_40,0.01515274111321209,625,5,output_MSNE_k_30_nw_200_emb_100_win_10_wl_40_embeddings.csv,output_MSNE_k_30_nw_200_emb_100_win_10_wl_40_clusters.csv
MSNE_k_50_nw_100_emb_100_win_15_wl_30,0.015139498603765435,625,5,output_MSNE_k_50_nw_100_emb_100_win_15_wl_30_embeddings.csv,output_MSNE_k_50_nw_100_emb_100_win_15_wl_30_clusters.csv
MSNE_k_40_nw_100_emb_100_win_10_wl_20,0.014913002900183363,625,5,output_MSNE_k_40_nw_100_emb_100_win_10_wl_20_embeddings.csv,output_MSNE_k_40_nw_100_emb_100_win_10_wl_20_clusters.csv
MSNE_k_30_nw_100_emb_200_win_5_wl_40,0.01481497688972494,625,5,output_MSNE_k_30_nw_100_emb_200_win_5_wl_40_embeddings.csv,output_MSNE_k_30_nw_100_emb_200_win_5_wl_40_clusters.csv
MSNE_k_40_nw_200_emb_100_win_10_wl_40,0.014773572501806288,625,5,output_MSNE_k_40_nw_200_emb_100_win_10_wl_40_embeddings.csv,output_MSNE_k_40_nw_200_emb_100_win_10_wl_40_clusters.csv
MSNE_k_10_nw_200_emb_100_win_10_wl_40,0.014642320269671666,625,5,output_MSNE_k_10_nw_200_emb_100_win_10_wl_40_embeddings.csv,output_MSNE_k_10_nw_200_emb_100_win_10_wl_40_clusters.csv
MSNE_k_10_nw_100_emb_100_win_15_wl_20,0.014550643708389356,625,5,output_MSNE_k_10_nw_100_emb_100_win_15_wl_20_embeddings.csv,output_MSNE_k_10_nw_100_emb_100_win_15_wl_20_clusters.csv
MSNE_k_10_nw_50_emb_100_win_5_wl_30,0.014427577865553246,625,5,output_MSNE_k_10_nw_50_emb_100_win_5_wl_30_embeddings.csv,output_MSNE_k_10_nw_50_emb_100_win_5_wl_30_clusters.csv
MSNE_k_10_nw_50_emb_100_win_5_wl_40,0.014321733364918413,625,5,output_MSNE_k_10_nw_50_emb_100_win_5_wl_40_embeddings.csv,output_MSNE_k_10_nw_50_emb_100_win_5_wl_40_clusters.csv
MSNE_k_20_nw_50_emb_200_win_5_wl_30,0.014208227928976276,625,5,output_MSNE_k_20_nw_50_emb_200_win_5_wl_30_embeddings.csv,output_MSNE_k_20_nw_50_emb_200_win_5_wl_30_clusters.csv
MSNE_k_50_nw_100_emb_100_win_5_wl_20,0.014011477934752627,625,5,output_MSNE_k_50_nw_100_emb_100_win_5_wl_20_embeddings.csv,output_MSNE_k_50_nw_100_emb_100_win_5_wl_20_clusters.csv
MSNE_k_50_nw_200_emb_100_win_10_wl_40,0.013992167664738457,625,5,output_MSNE_k_50_nw_200_emb_100_win_10_wl_40_embeddings.csv,output_MSNE_k_50_nw_200_emb_100_win_10_wl_40_clusters.csv
MSNE_k_40_nw_50_emb_200_win_5_wl_30,0.013879404953640147,625,5,output_MSNE_k_40_nw_50_emb_200_win_5_wl_30_embeddings.csv,output_MSNE_k_40_nw_50_emb_200_win_5_wl_30_clusters.csv
MSNE_k_30_nw_200_emb_100_win_5_wl_20,0.013825636003866668,625,5,output_MSNE_k_30_nw_200_emb_100_win_5_wl_20_embeddings.csv,output_MSNE_k_30_nw_200_emb_100_win_5_wl_20_clusters.csv
MSNE_k_50_nw_100_emb_100_win_15_wl_20,0.01377091008950182,625,5,output_MSNE_k_50_nw_100_emb_100_win_15_wl_20_embeddings.csv,output_MSNE_k_50_nw_100_emb_100_win_15_wl_20_clusters.csv
MSNE_k_20_nw_200_emb_100_win_10_wl_40,0.013712042684085964,625,5,output_MSNE_k_20_nw_200_emb_100_win_10_wl_40_embeddings.csv,output_MSNE_k_20_nw_200_emb_100_win_10_wl_40_clusters.csv
MSNE_k_30_nw_50_emb_100_win_5_wl_30,0.013710194478879577,625,5,output_MSNE_k_30_nw_50_emb_100_win_5_wl_30_embeddings.csv,output_MSNE_k_30_nw_50_emb_100_win_5_wl_30_clusters.csv
MSNE_k_40_nw_50_emb_100_win_5_wl_30,0.013702662524246392,625,5,output_MSNE_k_40_nw_50_emb_100_win_5_wl_30_embeddings.csv,output_MSNE_k_40_nw_50_emb_100_win_5_wl_30_clusters.csv
MSNE_k_50_nw_50_emb_200_win_5_wl_40,0.013657744026152437,625,5,output_MSNE_k_50_nw_50_emb_200_win_5_wl_40_embeddings.csv,output_MSNE_k_50_nw_50_emb_200_win_5_wl_40_clusters.csv
MSNE_k_20_nw_50_emb_100_win_5_wl_40,0.013562080191401106,625,5,output_MSNE_k_20_nw_50_emb_100_win_5_wl_40_embeddings.csv,output_MSNE_k_20_nw_50_emb_100_win_5_wl_40_clusters.csv
MSNE_k_10_nw_100_emb_200_win_5_wl_40,0.01354995595829202,625,5,output_MSNE_k_10_nw_100_emb_200_win_5_wl_40_embeddings.csv,output_MSNE_k_10_nw_100_emb_200_win_5_wl_40_clusters.csv
MSNE_k_40_nw_100_emb_100_win_15_wl_20,0.013524090052527589,625,5,output_MSNE_k_40_nw_100_emb_100_win_15_wl_20_embeddings.csv,output_MSNE_k_40_nw_100_emb_100_win_15_wl_20_clusters.csv
MSNE_k_10_nw_100_emb_200_win_15_wl_40,0.013473819212816068,625,5,output_MSNE_k_10_nw_100_emb_200_win_15_wl_40_embeddings.csv,output_MSNE_k_10_nw_100_emb_200_win_15_wl_40_clusters.csv
MSNE_k_30_nw_200_emb_100_win_10_wl_30,0.013392587080009599,625,5,output_MSNE_k_30_nw_200_emb_100_win_10_wl_30_embeddings.csv,output_MSNE_k_30_nw_200_emb_100_win_10_wl_30_clusters.csv
MSNE_k_10_nw_100_emb_100_win_5_wl_40,0.013386382247933636,625,5,output_MSNE_k_10_nw_100_emb_100_win_5_wl_40_embeddings.csv,output_MSNE_k_10_nw_100_emb_100_win_5_wl_40_clusters.csv
MSNE_k_30_nw_50_emb_200_win_5_wl_30,0.013318264927274209,625,5,output_MSNE_k_30_nw_50_emb_200_win_5_wl_30_embeddings.csv,output_MSNE_k_30_nw_50_emb_200_win_5_wl_30_clusters.csv
MSNE_k_50_nw_50_emb_200_win_5_wl_30,0.013272089671482344,625,5,output_MSNE_k_50_nw_50_emb_200_win_5_wl_30_embeddings.csv,output_MSNE_k_50_nw_50_emb_200_win_5_wl_30_clusters.csv
MSNE_k_40_nw_200_emb_100_win_10_wl_30,0.013252472797401719,625,5,output_MSNE_k_40_nw_200_emb_100_win_10_wl_30_embeddings.csv,output_MSNE_k_40_nw_200_emb_100_win_10_wl_30_clusters.csv
MSNE_k_40_nw_100_emb_100_win_5_wl_20,0.013201320652557632,625,5,output_MSNE_k_40_nw_100_emb_100_win_5_wl_20_embeddings.csv,output_MSNE_k_40_nw_100_emb_100_win_5_wl_20_clusters.csv
MSNE_k_20_nw_100_emb_100_win_5_wl_40,0.013149032390519661,625,5,output_MSNE_k_20_nw_100_emb_100_win_5_wl_40_embeddings.csv,output_MSNE_k_20_nw_100_emb_100_win_5_wl_40_clusters.csv
MSNE_k_50_nw_100_emb_200_win_5_wl_20,0.013049437001534181,625,5,output_MSNE_k_50_nw_100_emb_200_win_5_wl_20_embeddings.csv,output_MSNE_k_50_nw_100_emb_200_win_5_wl_20_clusters.csv
MSNE_k_20_nw_50_emb_200_win_5_wl_40,0.013030178257662254,625,5,output_MSNE_k_20_nw_50_emb_200_win_5_wl_40_embeddings.csv,output_MSNE_k_20_nw_50_emb_200_win_5_wl_40_clusters.csv
MSNE_k_10_nw_50_emb_100_win_10_wl_20,0.012961936690007322,625,5,output_MSNE_k_10_nw_50_emb_100_win_10_wl_20_embeddings.csv,output_MSNE_k_10_nw_50_emb_100_win_10_wl_20_clusters.csv
MSNE_k_20_nw_100_emb_200_win_5_wl_20,0.012915521037070209,625,5,output_MSNE_k_20_nw_100_emb_200_win_5_wl_20_embeddings.csv,output_MSNE_k_20_nw_100_emb_200_win_5_wl_20_clusters.csv
MSNE_k_50_nw_100_emb_100_win_5_wl_30,0.012832259332428179,625,5,output_MSNE_k_50_nw_100_emb_100_win_5_wl_30_embeddings.csv,output_MSNE_k_50_nw_100_emb_100_win_5_wl_30_clusters.csv
MSNE_k_40_nw_200_emb_100_win_15_wl_30,0.012761695045525004,625,5,output_MSNE_k_40_nw_200_emb_100_win_15_wl_30_embeddings.csv,output_MSNE_k_40_nw_200_emb_100_win_15_wl_30_clusters.csv
MSNE_k_10_nw_50_emb_200_win_5_wl_30,0.012621430304990671,625,5,output_MSNE_k_10_nw_50_emb_200_win_5_wl_30_embeddings.csv,output_MSNE_k_10_nw_50_emb_200_win_5_wl_30_clusters.csv
MSNE_k_40_nw_200_emb_100_win_5_wl_20,0.012602542542497923,625,5,output_MSNE_k_40_nw_200_emb_100_win_5_wl_20_embeddings.csv,output_MSNE_k_40_nw_200_emb_100_win_5_wl_20_clusters.csv
MSNE_k_20_nw_200_emb_100_win_5_wl_20,0.012550700131726886,625,5,output_MSNE_k_20_nw_200_emb_100_win_5_wl_20_embeddings.csv,output_MSNE_k_20_nw_200_emb_100_win_5_wl_20_clusters.csv
MSNE_k_10_nw_50_emb_200_win_5_wl_40,0.012521030461446694,625,5,output_MSNE_k_10_nw_50_emb_200_win_5_wl_40_embeddings.csv,output_MSNE_k_10_nw_50_emb_200_win_5_wl_40_clusters.csv
MSNE_k_20_nw_100_emb_100_win_5_wl_20,0.012515149768529502,625,5,output_MSNE_k_20_nw_100_emb_100_win_5_wl_20_embeddings.csv,output_MSNE_k_20_nw_100_emb_100_win_5_wl_20_clusters.csv
MSNE_k_40_nw_50_emb_100_win_10_wl_20,0.012497936109084163,625,5,output_MSNE_k_40_nw_50_emb_100_win_10_wl_20_embeddings.csv,output_MSNE_k_40_nw_50_emb_100_win_10_wl_20_clusters.csv
MSNE_k_50_nw_100_emb_100_win_5_wl_40,0.012419893460820243,625,5,output_MSNE_k_50_nw_100_emb_100_win_5_wl_40_embeddings.csv,output_MSNE_k_50_nw_100_emb_100_win_5_wl_40_clusters.csv
MSNE_k_20_nw_200_emb_100_win_10_wl_30,0.01233382858128613,625,5,output_MSNE_k_20_nw_200_emb_100_win_10_wl_30_embeddings.csv,output_MSNE_k_20_nw_200_emb_100_win_10_wl_30_clusters.csv
MSNE_k_20_nw_200_emb_100_win_15_wl_40,0.012293367733417614,625,5,output_MSNE_k_20_nw_200_emb_100_win_15_wl_40_embeddings.csv,output_MSNE_k_20_nw_200_emb_100_win_15_wl_40_clusters.csv
MSNE_k_30_nw_50_emb_100_win_10_wl_20,0.012291512498368377,625,5,output_MSNE_k_30_nw_50_emb_100_win_10_wl_20_embeddings.csv,output_MSNE_k_30_nw_50_emb_100_win_10_wl_20_clusters.csv
MSNE_k_30_nw_100_emb_100_win_5_wl_30,0.012285298425917399,625,5,output_MSNE_k_30_nw_100_emb_100_win_5_wl_30_embeddings.csv,output_MSNE_k_30_nw_100_emb_100_win_5_wl_30_clusters.csv
MSNE_k_50_nw_50_emb_100_win_10_wl_20,0.012210231058130652,625,5,output_MSNE_k_50_nw_50_emb_100_win_10_wl_20_embeddings.csv,output_MSNE_k_50_nw_50_emb_100_win_10_wl_20_clusters.csv
MSNE_k_10_nw_200_emb_100_win_5_wl_20,0.01217347328340794,625,5,output_MSNE_k_10_nw_200_emb_100_win_5_wl_20_embeddings.csv,output_MSNE_k_10_nw_200_emb_100_win_5_wl_20_clusters.csv
MSNE_k_50_nw_100_emb_100_win_10_wl_40,0.012067257255990747,625,5,output_MSNE_k_50_nw_100_emb_100_win_10_wl_40_embeddings.csv,output_MSNE_k_50_nw_100_emb_100_win_10_wl_40_clusters.csv
MSNE_k_40_nw_50_emb_100_win_10_wl_30,0.012028127418512011,625,5,output_MSNE_k_40_nw_50_emb_100_win_10_wl_30_embeddings.csv,output_MSNE_k_40_nw_50_emb_100_win_10_wl_30_clusters.csv
MSNE_k_20_nw_200_emb_100_win_15_wl_30,0.012021169783078628,625,5,output_MSNE_k_20_nw_200_emb_100_win_15_wl_30_embeddings.csv,output_MSNE_k_20_nw_200_emb_100_win_15_wl_30_clusters.csv
MSNE_k_40_nw_100_emb_100_win_5_wl_40,0.012013523687374251,625,5,output_MSNE_k_40_nw_100_emb_100_win_5_wl_40_embeddings.csv,output_MSNE_k_40_nw_100_emb_100_win_5_wl_40_clusters.csv
MSNE_k_20_nw_50_emb_100_win_10_wl_20,0.011979757670759351,625,5,output_MSNE_k_20_nw_50_emb_100_win_10_wl_20_embeddings.csv,output_MSNE_k_20_nw_50_emb_100_win_10_wl_20_clusters.csv
MSNE_k_20_nw_50_emb_100_win_15_wl_30,0.011931322026670207,625,5,output_MSNE_k_20_nw_50_emb_100_win_15_wl_30_embeddings.csv,output_MSNE_k_20_nw_50_emb_100_win_15_wl_30_clusters.csv
MSNE_k_10_nw_200_emb_100_win_10_wl_30,0.011820560208632222,625,5,output_MSNE_k_10_nw_200_emb_100_win_10_wl_30_embeddings.csv,output_MSNE_k_10_nw_200_emb_100_win_10_wl_30_clusters.csv
MSNE_k_10_nw_100_emb_200_win_5_wl_20,0.011801380551436294,625,5,output_MSNE_k_10_nw_100_emb_200_win_5_wl_20_embeddings.csv,output_MSNE_k_10_nw_100_emb_200_win_5_wl_20_clusters.csv
MSNE_k_50_nw_200_emb_100_win_15_wl_40,0.01179676729723451,625,5,output_MSNE_k_50_nw_200_emb_100_win_15_wl_40_embeddings.csv,output_MSNE_k_50_nw_200_emb_100_win_15_wl_40_clusters.csv
MSNE_k_20_nw_50_emb_100_win_15_wl_40,0.011783446561486062,625,5,output_MSNE_k_20_nw_50_emb_100_win_15_wl_40_embeddings.csv,output_MSNE_k_20_nw_50_emb_100_win_15_wl_40_clusters.csv
MSNE_k_20_nw_100_emb_200_win_5_wl_40,0.011738235602738031,625,5,output_MSNE_k_20_nw_100_emb_200_win_5_wl_40_embeddings.csv,output_MSNE_k_20_nw_100_emb_200_win_5_wl_40_clusters.csv
MSNE_k_40_nw_100_emb_100_win_5_wl_30,0.011702542100593271,625,5,output_MSNE_k_40_nw_100_emb_100_win_5_wl_30_embeddings.csv,output_MSNE_k_40_nw_100_emb_100_win_5_wl_30_clusters.csv
MSNE_k_50_nw_50_emb_100_win_5_wl_40,0.011699846689437224,625,5,output_MSNE_k_50_nw_50_emb_100_win_5_wl_40_embeddings.csv,output_MSNE_k_50_nw_50_emb_100_win_5_wl_40_clusters.csv
MSNE_k_10_nw_100_emb_100_win_5_wl_30,0.011681460930436054,625,5,output_MSNE_k_10_nw_100_emb_100_win_5_wl_30_embeddings.csv,output_MSNE_k_10_nw_100_emb_100_win_5_wl_30_clusters.csv
MSNE_k_30_nw_100_emb_100_win_5_wl_20,0.011675206157634418,625,5,output_MSNE_k_30_nw_100_emb_100_win_5_wl_20_embeddings.csv,output_MSNE_k_30_nw_100_emb_100_win_5_wl_20_clusters.csv
MSNE_k_10_nw_50_emb_100_win_15_wl_30,0.01159019113534039,625,5,output_MSNE_k_10_nw_50_emb_100_win_15_wl_30_embeddings.csv,output_MSNE_k_10_nw_50_emb_100_win_15_wl_30_clusters.csv
MSNE_k_30_nw_50_emb_200_win_5_wl_40,0.011575438246129492,625,5,output_MSNE_k_30_nw_50_emb_200_win_5_wl_40_embeddings.csv,output_MSNE_k_30_nw_50_emb_200_win_5_wl_40_clusters.csv
MSNE_k_10_nw_50_emb_200_win_10_wl_20,0.011562986965978036,625,5,output_MSNE_k_10_nw_50_emb_200_win_10_wl_20_embeddings.csv,output_MSNE_k_10_nw_50_emb_200_win_10_wl_20_clusters.csv
MSNE_k_50_nw_50_emb_200_win_10_wl_20,0.011470021101977455,625,5,output_MSNE_k_50_nw_50_emb_200_win_10_wl_20_embeddings.csv,output_MSNE_k_50_nw_50_emb_200_win_10_wl_20_clusters.csv
MSNE_k_50_nw_200_emb_100_win_10_wl_30,0.01141699477846693,625,5,output_MSNE_k_50_nw_200_emb_100_win_10_wl_30_embeddings.csv,output_MSNE_k_50_nw_200_emb_100_win_10_wl_30_clusters.csv
MSNE_k_30_nw_50_emb_200_win_10_wl_20,0.011350951859311805,625,5,output_MSNE_k_30_nw_50_emb_200_win_10_wl_20_embeddings.csv,output_MSNE_k_30_nw_50_emb_200_win_10_wl_20_clusters.csv
MSNE_k_50_nw_200_emb_100_win_15_wl_20,0.011338983565358948,625,5,output_MSNE_k_50_nw_200_emb_100_win_15_wl_20_embeddings.csv,output_MSNE_k_50_nw_200_emb_100_win_15_wl_20_clusters.csv
MSNE_k_20_nw_100_emb_100_win_10_wl_30,0.011329599397486897,625,5,output_MSNE_k_20_nw_100_emb_100_win_10_wl_30_embeddings.csv,output_MSNE_k_20_nw_100_emb_100_win_10_wl_30_clusters.csv
MSNE_k_20_nw_100_emb_100_win_5_wl_30,0.011225229880014065,625,5,output_MSNE_k_20_nw_100_emb_100_win_5_wl_30_embeddings.csv,output_MSNE_k_20_nw_100_emb_100_win_5_wl_30_clusters.csv
MSNE_k_40_nw_50_emb_200_win_10_wl_20,0.011134379886760993,625,5,output_MSNE_k_40_nw_50_emb_200_win_10_wl_20_embeddings.csv,output_MSNE_k_40_nw_50_emb_200_win_10_wl_20_clusters.csv
MSNE_k_20_nw_50_emb_200_win_10_wl_20,0.01099992049747143,625,5,output_MSNE_k_20_nw_50_emb_200_win_10_wl_20_embeddings.csv,output_MSNE_k_20_nw_50_emb_200_win_10_wl_20_clusters.csv
MSNE_k_40_nw_100_emb_200_win_5_wl_20,0.010913030920646138,625,5,output_MSNE_k_40_nw_100_emb_200_win_5_wl_20_embeddings.csv,output_MSNE_k_40_nw_100_emb_200_win_5_wl_20_clusters.csv
MSNE_k_50_nw_200_emb_100_win_5_wl_20,0.010812701612521652,625,5,output_MSNE_k_50_nw_200_emb_100_win_5_wl_20_embeddings.csv,output_MSNE_k_50_nw_200_emb_100_win_5_wl_20_clusters.csv
MSNE_k_50_nw_100_emb_200_win_5_wl_30,0.010766802732324521,625,5,output_MSNE_k_50_nw_100_emb_200_win_5_wl_30_embeddings.csv,output_MSNE_k_50_nw_100_emb_200_win_5_wl_30_clusters.csv
MSNE_k_20_nw_100_emb_200_win_10_wl_20,0.01073857840590019,625,5,output_MSNE_k_20_nw_100_emb_200_win_10_wl_20_embeddings.csv,output_MSNE_k_20_nw_100_emb_200_win_10_wl_20_clusters.csv
MSNE_k_40_nw_100_emb_100_win_15_wl_40,0.010721666595106769,625,5,output_MSNE_k_40_nw_100_emb_100_win_15_wl_40_embeddings.csv,output_MSNE_k_40_nw_100_emb_100_win_15_wl_40_clusters.csv
MSNE_k_30_nw_100_emb_200_win_5_wl_20,0.010652805798917492,625,5,output_MSNE_k_30_nw_100_emb_200_win_5_wl_20_embeddings.csv,output_MSNE_k_30_nw_100_emb_200_win_5_wl_20_clusters.csv
MSNE_k_50_nw_50_emb_100_win_15_wl_20,0.01063047970220472,625,5,output_MSNE_k_50_nw_50_emb_100_win_15_wl_20_embeddings.csv,output_MSNE_k_50_nw_50_emb_100_win_15_wl_20_clusters.csv
MSNE_k_40_nw_50_emb_100_win_15_wl_30,0.010624464928625527,625,5,output_MSNE_k_40_nw_50_emb_100_win_15_wl_30_embeddings.csv,output_MSNE_k_40_nw_50_emb_100_win_15_wl_30_clusters.csv
MSNE_k_10_nw_200_emb_100_win_15_wl_30,0.010616176626131098,625,5,output_MSNE_k_10_nw_200_emb_100_win_15_wl_30_embeddings.csv,output_MSNE_k_10_nw_200_emb_100_win_15_wl_30_clusters.csv
MSNE_k_40_nw_50_emb_200_win_5_wl_40,0.010523092665711534,625,5,output_MSNE_k_40_nw_50_emb_200_win_5_wl_40_embeddings.csv,output_MSNE_k_40_nw_50_emb_200_win_5_wl_40_clusters.csv
MSNE_k_30_nw_50_emb_100_win_15_wl_20,0.010503381159553713,625,5,output_MSNE_k_30_nw_50_emb_100_win_15_wl_20_embeddings.csv,output_MSNE_k_30_nw_50_emb_100_win_15_wl_20_clusters.csv
MSNE_k_30_nw_200_emb_100_win_15_wl_40,0.010452795278303471,625,5,output_MSNE_k_30_nw_200_emb_100_win_15_wl_40_embeddings.csv,output_MSNE_k_30_nw_200_emb_100_win_15_wl_40_clusters.csv
MSNE_k_40_nw_200_emb_100_win_15_wl_40,0.010405151349284481,625,5,output_MSNE_k_40_nw_200_emb_100_win_15_wl_40_embeddings.csv,output_MSNE_k_40_nw_200_emb_100_win_15_wl_40_clusters.csv
MSNE_k_20_nw_100_emb_200_win_5_wl_30,0.01039579826035056,625,5,output_MSNE_k_20_nw_100_emb_200_win_5_wl_30_embeddings.csv,output_MSNE_k_20_nw_100_emb_200_win_5_wl_30_clusters.csv
MSNE_k_40_nw_50_emb_100_win_15_wl_20,0.01027757166756116,625,5,output_MSNE_k_40_nw_50_emb_100_win_15_wl_20_embeddings.csv,output_MSNE_k_40_nw_50_emb_100_win_15_wl_20_clusters.csv
MSNE_k_10_nw_50_emb_100_win_15_wl_20,0.010249485641937162,625,5,output_MSNE_k_10_nw_50_emb_100_win_15_wl_20_embeddings.csv,output_MSNE_k_10_nw_50_emb_100_win_15_wl_20_clusters.csv
MSNE_k_10_nw_200_emb_100_win_15_wl_40,0.010190935397569278,625,5,output_MSNE_k_10_nw_200_emb_100_win_15_wl_40_embeddings.csv,output_MSNE_k_10_nw_200_emb_100_win_15_wl_40_clusters.csv
MSNE_k_20_nw_200_emb_100_win_15_wl_20,0.0101439739781835,625,5,output_MSNE_k_20_nw_200_emb_100_win_15_wl_20_embeddings.csv,output_MSNE_k_20_nw_200_emb_100_win_15_wl_20_clusters.csv
MSNE_k_30_nw_50_emb_100_win_15_wl_30,0.010123592560720521,625,5,output_MSNE_k_30_nw_50_emb_100_win_15_wl_30_embeddings.csv,output_MSNE_k_30_nw_50_emb_100_win_15_wl_30_clusters.csv
MSNE_k_40_nw_100_emb_100_win_10_wl_30,0.010072610937533762,625,5,output_MSNE_k_40_nw_100_emb_100_win_10_wl_30_embeddings.csv,output_MSNE_k_40_nw_100_emb_100_win_10_wl_30_clusters.csv
MSNE_k_20_nw_100_emb_100_win_15_wl_40,0.010041650041289261,625,5,output_MSNE_k_20_nw_100_emb_100_win_15_wl_40_embeddings.csv,output_MSNE_k_20_nw_100_emb_100_win_15_wl_40_clusters.csv
MSNE_k_20_nw_50_emb_100_win_15_wl_20,0.009995525549495883,625,5,output_MSNE_k_20_nw_50_emb_100_win_15_wl_20_embeddings.csv,output_MSNE_k_20_nw_50_emb_100_win_15_wl_20_clusters.csv
MSNE_k_30_nw_50_emb_100_win_10_wl_30,0.00998586858498071,625,5,output_MSNE_k_30_nw_50_emb_100_win_10_wl_30_embeddings.csv,output_MSNE_k_30_nw_50_emb_100_win_10_wl_30_clusters.csv
MSNE_k_30_nw_200_emb_100_win_15_wl_30,0.009950276949497351,625,5,output_MSNE_k_30_nw_200_emb_100_win_15_wl_30_embeddings.csv,output_MSNE_k_30_nw_200_emb_100_win_15_wl_30_clusters.csv
MSNE_k_30_nw_200_emb_200_win_5_wl_40,0.009921773383324986,625,5,output_MSNE_k_30_nw_200_emb_200_win_5_wl_40_embeddings.csv,output_MSNE_k_30_nw_200_emb_200_win_5_wl_40_clusters.csv
MSNE_k_40_nw_200_emb_200_win_5_wl_30,0.009908965886356482,625,5,output_MSNE_k_40_nw_200_emb_200_win_5_wl_30_embeddings.csv,output_MSNE_k_40_nw_200_emb_200_win_5_wl_30_clusters.csv
MSNE_k_10_nw_100_emb_200_win_15_wl_20,0.009897230226308859,625,5,output_MSNE_k_10_nw_100_emb_200_win_15_wl_20_embeddings.csv,output_MSNE_k_10_nw_100_emb_200_win_15_wl_20_clusters.csv
MSNE_k_30_nw_100_emb_100_win_10_wl_40,0.009838608450935999,625,5,output_MSNE_k_30_nw_100_emb_100_win_10_wl_40_embeddings.csv,output_MSNE_k_30_nw_100_emb_100_win_10_wl_40_clusters.csv
MSNE_k_40_nw_100_emb_100_win_10_wl_40,0.009806369956063734,625,5,output_MSNE_k_40_nw_100_emb_100_win_10_wl_40_embeddings.csv,output_MSNE_k_40_nw_100_emb_100_win_10_wl_40_clusters.csv
MSNE_k_40_nw_200_emb_100_win_10_wl_20,0.009748964862687202,625,5,output_MSNE_k_40_nw_200_emb_100_win_10_wl_20_embeddings.csv,output_MSNE_k_40_nw_200_emb_100_win_10_wl_20_clusters.csv
MSNE_k_10_nw_50_emb_100_win_10_wl_30,0.009737776037780912,625,5,output_MSNE_k_10_nw_50_emb_100_win_10_wl_30_embeddings.csv,output_MSNE_k_10_nw_50_emb_100_win_10_wl_30_clusters.csv
MSNE_k_30_nw_200_emb_100_win_15_wl_20,0.009587755208297062,625,5,output_MSNE_k_30_nw_200_emb_100_win_15_wl_20_embeddings.csv,output_MSNE_k_30_nw_200_emb_100_win_15_wl_20_clusters.csv
MSNE_k_50_nw_200_emb_100_win_15_wl_30,0.009516806418288535,625,5,output_MSNE_k_50_nw_200_emb_100_win_15_wl_30_embeddings.csv,output_MSNE_k_50_nw_200_emb_100_win_15_wl_30_clusters.csv
MSNE_k_50_nw_200_emb_100_win_10_wl_20,0.009444854492571847,625,5,output_MSNE_k_50_nw_200_emb_100_win_10_wl_20_embeddings.csv,output_MSNE_k_50_nw_200_emb_100_win_10_wl_20_clusters.csv
MSNE_k_30_nw_100_emb_100_win_10_wl_30,0.00944124541853777,625,5,output_MSNE_k_30_nw_100_emb_100_win_10_wl_30_embeddings.csv,output_MSNE_k_30_nw_100_emb_100_win_10_wl_30_clusters.csv
MSNE_k_50_nw_50_emb_100_win_10_wl_30,0.009430988270107007,625,5,output_MSNE_k_50_nw_50_emb_100_win_10_wl_30_embeddings.csv,output_MSNE_k_50_nw_50_emb_100_win_10_wl_30_clusters.csv
MSNE_k_20_nw_200_emb_200_win_10_wl_20,0.009413804417314748,625,5,output_MSNE_k_20_nw_200_emb_200_win_10_wl_20_embeddings.csv,output_MSNE_k_20_nw_200_emb_200_win_10_wl_20_clusters.csv
MSNE_k_20_nw_200_emb_100_win_10_wl_20,0.009379235597908963,625,5,output_MSNE_k_20_nw_200_emb_100_win_10_wl_20_embeddings.csv,output_MSNE_k_20_nw_200_emb_100_win_10_wl_20_clusters.csv
MSNE_k_10_nw_100_emb_100_win_10_wl_20,0.009340279996505052,625,5,output_MSNE_k_10_nw_100_emb_100_win_10_wl_20_embeddings.csv,output_MSNE_k_10_nw_100_emb_100_win_10_wl_20_clusters.csv
MSNE_k_40_nw_50_emb_200_win_10_wl_30,0.009327947549981194,625,5,output_MSNE_k_40_nw_50_emb_200_win_10_wl_30_embeddings.csv,output_MSNE_k_40_nw_50_emb_200_win_10_wl_30_clusters.csv
MSNE_k_50_nw_50_emb_200_win_15_wl_20,0.009255191677268595,625,5,output_MSNE_k_50_nw_50_emb_200_win_15_wl_20_embeddings.csv,output_MSNE_k_50_nw_50_emb_200_win_15_wl_20_clusters.csv
MSNE_k_10_nw_100_emb_100_win_10_wl_30,0.009248278251250188,625,5,output_MSNE_k_10_nw_100_emb_100_win_10_wl_30_embeddings.csv,output_MSNE_k_10_nw_100_emb_100_win_10_wl_30_clusters.csv
MSNE_k_20_nw_50_emb_200_win_15_wl_20,0.00922343465486482,625,5,output_MSNE_k_20_nw_50_emb_200_win_15_wl_20_embeddings.csv,output_MSNE_k_20_nw_50_emb_200_win_15_wl_20_clusters.csv
MSNE_k_10_nw_100_emb_100_win_10_wl_40,0.009217625894233219,625,5,output_MSNE_k_10_nw_100_emb_100_win_10_wl_40_embeddings.csv,output_MSNE_k_10_nw_100_emb_100_win_10_wl_40_clusters.csv
MSNE_k_30_nw_200_emb_200_win_5_wl_30,0.009217298972517437,625,5,output_MSNE_k_30_nw_200_emb_200_win_5_wl_30_embeddings.csv,output_MSNE_k_30_nw_200_emb_200_win_5_wl_30_clusters.csv
MSNE_k_50_nw_100_emb_100_win_10_wl_20,0.009217250605782795,625,5,output_MSNE_k_50_nw_100_emb_100_win_10_wl_20_embeddings.csv,output_MSNE_k_50_nw_100_emb_100_win_10_wl_20_clusters.csv
MSNE_k_40_nw_50_emb_200_win_15_wl_20,0.009185543764297801,625,5,output_MSNE_k_40_nw_50_emb_200_win_15_wl_20_embeddings.csv,output_MSNE_k_40_nw_50_emb_200_win_15_wl_20_clusters.csv
MSNE_k_10_nw_100_emb_100_win_15_wl_30,0.009178318829512602,625,5,output_MSNE_k_10_nw_100_emb_100_win_15_wl_30_embeddings.csv,output_MSNE_k_10_nw_100_emb_100_win_15_wl_30_clusters.csv
MSNE_k_30_nw_50_emb_200_win_15_wl_20,0.00915453715945003,625,5,output_MSNE_k_30_nw_50_emb_200_win_15_wl_20_embeddings.csv,output_MSNE_k_30_nw_50_emb_200_win_15_wl_20_clusters.csv
MSNE_k_50_nw_200_emb_200_win_5_wl_40,0.009146307000553666,625,5,output_MSNE_k_50_nw_200_emb_200_win_5_wl_40_embeddings.csv,output_MSNE_k_50_nw_200_emb_200_win_5_wl_40_clusters.csv
MSNE_k_50_nw_100_emb_100_win_10_wl_30,0.009130003467239672,625,5,output_MSNE_k_50_nw_100_emb_100_win_10_wl_30_embeddings.csv,output_MSNE_k_50_nw_100_emb_100_win_10_wl_30_clusters.csv
MSNE_k_10_nw_200_emb_100_win_15_wl_20,0.00908078037695405,625,5,output_MSNE_k_10_nw_200_emb_100_win_15_wl_20_embeddings.csv,output_MSNE_k_10_nw_200_emb_100_win_15_wl_20_clusters.csv
MSNE_k_20_nw_100_emb_100_win_10_wl_40,0.009080439940550694,625,5,output_MSNE_k_20_nw_100_emb_100_win_10_wl_40_embeddings.csv,output_MSNE_k_20_nw_100_emb_100_win_10_wl_40_clusters.csv
MSNE_k_50_nw_50_emb_100_win_10_wl_40,0.009066478374827278,625,5,output_MSNE_k_50_nw_50_emb_100_win_10_wl_40_embeddings.csv,output_MSNE_k_50_nw_50_emb_100_win_10_wl_40_clusters.csv
MSNE_k_20_nw_50_emb_100_win_10_wl_30,0.008942067952744636,625,5,output_MSNE_k_20_nw_50_emb_100_win_10_wl_30_embeddings.csv,output_MSNE_k_20_nw_50_emb_100_win_10_wl_30_clusters.csv
MSNE_k_10_nw_200_emb_200_win_10_wl_20,0.008854942241195127,625,5,output_MSNE_k_10_nw_200_emb_200_win_10_wl_20_embeddings.csv,output_MSNE_k_10_nw_200_emb_200_win_10_wl_20_clusters.csv
MSNE_k_20_nw_200_emb_200_win_5_wl_40,0.008851622090894566,625,5,output_MSNE_k_20_nw_200_emb_200_win_5_wl_40_embeddings.csv,output_MSNE_k_20_nw_200_emb_200_win_5_wl_40_clusters.csv
MSNE_k_10_nw_100_emb_200_win_5_wl_30,0.00885133564365075,625,5,output_MSNE_k_10_nw_100_emb_200_win_5_wl_30_embeddings.csv,output_MSNE_k_10_nw_100_emb_200_win_5_wl_30_clusters.csv
MSNE_k_40_nw_200_emb_100_win_15_wl_20,0.008813727433596846,625,5,output_MSNE_k_40_nw_200_emb_100_win_15_wl_20_embeddings.csv,output_MSNE_k_40_nw_200_emb_100_win_15_wl_20_clusters.csv
MSNE_k_10_nw_50_emb_200_win_15_wl_20,0.008794442207771811,625,5,output_MSNE_k_10_nw_50_emb_200_win_15_wl_20_embeddings.csv,output_MSNE_k_10_nw_50_emb_200_win_15_wl_20_clusters.csv
MSNE_k_10_nw_50_emb_100_win_10_wl_40,0.008761431473219675,625,5,output_MSNE_k_10_nw_50_emb_100_win_10_wl_40_embeddings.csv,output_MSNE_k_10_nw_50_emb_100_win_10_wl_40_clusters.csv
MSNE_k_20_nw_100_emb_200_win_15_wl_20,0.008732513858432501,625,5,output_MSNE_k_20_nw_100_emb_200_win_15_wl_20_embeddings.csv,output_MSNE_k_20_nw_100_emb_200_win_15_wl_20_clusters.csv
MSNE_k_20_nw_200_emb_200_win_15_wl_20,0.00873190754289937,625,5,output_MSNE_k_20_nw_200_emb_200_win_15_wl_20_embeddings.csv,output_MSNE_k_20_nw_200_emb_200_win_15_wl_20_clusters.csv
MSNE_k_40_nw_100_emb_100_win_15_wl_30,0.008645147302278208,625,5,output_MSNE_k_40_nw_100_emb_100_win_15_wl_30_embeddings.csv,output_MSNE_k_40_nw_100_emb_100_win_15_wl_30_clusters.csv
MSNE_k_30_nw_50_emb_100_win_10_wl_40,0.008625170614974127,625,5,output_MSNE_k_30_nw_50_emb_100_win_10_wl_40_embeddings.csv,output_MSNE_k_30_nw_50_emb_100_win_10_wl_40_clusters.csv
MSNE_k_30_nw_100_emb_100_win_15_wl_30,0.008565327826996913,625,5,output_MSNE_k_30_nw_100_emb_100_win_15_wl_30_embeddings.csv,output_MSNE_k_30_nw_100_emb_100_win_15_wl_30_clusters.csv
MSNE_k_40_nw_100_emb_200_win_5_wl_30,0.00855990984632119,625,5,output_MSNE_k_40_nw_100_emb_200_win_5_wl_30_embeddings.csv,output_MSNE_k_40_nw_100_emb_200_win_5_wl_30_clusters.csv
MSNE_k_50_nw_50_emb_200_win_15_wl_40,0.008448068051677195,625,5,output_MSNE_k_50_nw_50_emb_200_win_15_wl_40_embeddings.csv,output_MSNE_k_50_nw_50_emb_200_win_15_wl_40_clusters.csv
MSNE_k_30_nw_100_emb_200_win_5_wl_30,0.00841221522622333,625,5,output_MSNE_k_30_nw_100_emb_200_win_5_wl_30_embeddings.csv,output_MSNE_k_30_nw_100_emb_200_win_5_wl_30_clusters.csv
MSNE_k_30_nw_200_emb_200_win_5_wl_20,0.0084007259954478,625,5,output_MSNE_k_30_nw_200_emb_200_win_5_wl_20_embeddings.csv,output_MSNE_k_30_nw_200_emb_200_win_5_wl_20_clusters.csv
MSNE_k_50_nw_50_emb_100_win_15_wl_30,0.008303963272903623,625,5,output_MSNE_k_50_nw_50_emb_100_win_15_wl_30_embeddings.csv,output_MSNE_k_50_nw_50_emb_100_win_15_wl_30_clusters.csv
MSNE_k_40_nw_200_emb_200_win_5_wl_20,0.00814712087069444,625,5,output_MSNE_k_40_nw_200_emb_200_win_5_wl_20_embeddings.csv,output_MSNE_k_40_nw_200_emb_200_win_5_wl_20_clusters.csv
MSNE_k_30_nw_50_emb_200_win_10_wl_30,0.007968190070483655,625,5,output_MSNE_k_30_nw_50_emb_200_win_10_wl_30_embeddings.csv,output_MSNE_k_30_nw_50_emb_200_win_10_wl_30_clusters.csv
MSNE_k_30_nw_100_emb_100_win_10_wl_20,0.007962472736419075,625,5,output_MSNE_k_30_nw_100_emb_100_win_10_wl_20_embeddings.csv,output_MSNE_k_30_nw_100_emb_100_win_10_wl_20_clusters.csv
MSNE_k_20_nw_50_emb_200_win_10_wl_30,0.007799632073836832,625,5,output_MSNE_k_20_nw_50_emb_200_win_10_wl_30_embeddings.csv,output_MSNE_k_20_nw_50_emb_200_win_10_wl_30_clusters.csv
MSNE_k_10_nw_50_emb_200_win_15_wl_40,0.007789018914302777,625,5,output_MSNE_k_10_nw_50_emb_200_win_15_wl_40_embeddings.csv,output_MSNE_k_10_nw_50_emb_200_win_15_wl_40_clusters.csv
MSNE_k_20_nw_200_emb_200_win_5_wl_30,0.007779659656723072,625,5,output_MSNE_k_20_nw_200_emb_200_win_5_wl_30_embeddings.csv,output_MSNE_k_20_nw_200_emb_200_win_5_wl_30_clusters.csv
MSNE_k_40_nw_50_emb_200_win_15_wl_30,0.007738702638220543,625,5,output_MSNE_k_40_nw_50_emb_200_win_15_wl_30_embeddings.csv,output_MSNE_k_40_nw_50_emb_200_win_15_wl_30_clusters.csv
MSNE_k_50_nw_50_emb_200_win_10_wl_30,0.007696175074205223,625,5,output_MSNE_k_50_nw_50_emb_200_win_10_wl_30_embeddings.csv,output_MSNE_k_50_nw_50_emb_200_win_10_wl_30_clusters.csv
MSNE_k_20_nw_50_emb_100_win_10_wl_40,0.007683559914999745,625,5,output_MSNE_k_20_nw_50_emb_100_win_10_wl_40_embeddings.csv,output_MSNE_k_20_nw_50_emb_100_win_10_wl_40_clusters.csv
MSNE_k_50_nw_200_emb_200_win_5_wl_30,0.007669949014684667,625,5,output_MSNE_k_50_nw_200_emb_200_win_5_wl_30_embeddings.csv,output_MSNE_k_50_nw_200_emb_200_win_5_wl_30_clusters.csv
MSNE_k_10_nw_50_emb_100_win_15_wl_40,0.00756876260480002,625,5,output_MSNE_k_10_nw_50_emb_100_win_15_wl_40_embeddings.csv,output_MSNE_k_10_nw_50_emb_100_win_15_wl_40_clusters.csv
MSNE_k_10_nw_50_emb_200_win_10_wl_30,0.007550845222286799,625,5,output_MSNE_k_10_nw_50_emb_200_win_10_wl_30_embeddings.csv,output_MSNE_k_10_nw_50_emb_200_win_10_wl_30_clusters.csv
MSNE_k_20_nw_50_emb_200_win_15_wl_40,0.007398536038705128,625,5,output_MSNE_k_20_nw_50_emb_200_win_15_wl_40_embeddings.csv,output_MSNE_k_20_nw_50_emb_200_win_15_wl_40_clusters.csv
MSNE_k_20_nw_100_emb_100_win_15_wl_20,0.007347471288960533,625,5,output_MSNE_k_20_nw_100_emb_100_win_15_wl_20_embeddings.csv,output_MSNE_k_20_nw_100_emb_100_win_15_wl_20_clusters.csv
MSNE_k_50_nw_50_emb_100_win_15_wl_40,0.007307543296378623,625,5,output_MSNE_k_50_nw_50_emb_100_win_15_wl_40_embeddings.csv,output_MSNE_k_50_nw_50_emb_100_win_15_wl_40_clusters.csv
MSNE_k_10_nw_200_emb_200_win_5_wl_40,0.0071958864601785475,625,5,output_MSNE_k_10_nw_200_emb_200_win_5_wl_40_embeddings.csv,output_MSNE_k_10_nw_200_emb_200_win_5_wl_40_clusters.csv
MSNE_k_30_nw_100_emb_100_win_15_wl_40,0.0071754229017540975,625,5,output_MSNE_k_30_nw_100_emb_100_win_15_wl_40_embeddings.csv,output_MSNE_k_30_nw_100_emb_100_win_15_wl_40_clusters.csv
MSNE_k_50_nw_100_emb_200_win_15_wl_20,0.007140226724972164,625,5,output_MSNE_k_50_nw_100_emb_200_win_15_wl_20_embeddings.csv,output_MSNE_k_50_nw_100_emb_200_win_15_wl_20_clusters.csv
MSNE_k_30_nw_50_emb_200_win_15_wl_30,0.0070857900172657225,625,5,output_MSNE_k_30_nw_50_emb_200_win_15_wl_30_embeddings.csv,output_MSNE_k_30_nw_50_emb_200_win_15_wl_30_clusters.csv
MSNE_k_40_nw_100_emb_200_win_5_wl_40,0.006982341052991564,625,5,output_MSNE_k_40_nw_100_emb_200_win_5_wl_40_embeddings.csv,output_MSNE_k_40_nw_100_emb_200_win_5_wl_40_clusters.csv
MSNE_k_10_nw_200_emb_200_win_5_wl_20,0.006647307617565272,625,5,output_MSNE_k_10_nw_200_emb_200_win_5_wl_20_embeddings.csv,output_MSNE_k_10_nw_200_emb_200_win_5_wl_20_clusters.csv
MSNE_k_20_nw_50_emb_200_win_15_wl_30,0.006594040437550066,625,5,output_MSNE_k_20_nw_50_emb_200_win_15_wl_30_embeddings.csv,output_MSNE_k_20_nw_50_emb_200_win_15_wl_30_clusters.csv
MSNE_k_40_nw_50_emb_200_win_15_wl_40,0.006577199793831581,625,5,output_MSNE_k_40_nw_50_emb_200_win_15_wl_40_embeddings.csv,output_MSNE_k_40_nw_50_emb_200_win_15_wl_40_clusters.csv
MSNE_k_30_nw_100_emb_100_win_15_wl_20,0.006539663512788171,625,5,output_MSNE_k_30_nw_100_emb_100_win_15_wl_20_embeddings.csv,output_MSNE_k_30_nw_100_emb_100_win_15_wl_20_clusters.csv
MSNE_k_20_nw_200_emb_200_win_10_wl_40,0.006491531880914104,625,5,output_MSNE_k_20_nw_200_emb_200_win_10_wl_40_embeddings.csv,output_MSNE_k_20_nw_200_emb_200_win_10_wl_40_clusters.csv
MSNE_k_50_nw_100_emb_200_win_5_wl_40,0.006447534550138721,625,5,output_MSNE_k_50_nw_100_emb_200_win_5_wl_40_embeddings.csv,output_MSNE_k_50_nw_100_emb_200_win_5_wl_40_clusters.csv
MSNE_k_20_nw_200_emb_200_win_5_wl_20,0.006416132460219711,625,5,output_MSNE_k_20_nw_200_emb_200_win_5_wl_20_embeddings.csv,output_MSNE_k_20_nw_200_emb_200_win_5_wl_20_clusters.csv
MSNE_k_30_nw_200_emb_200_win_10_wl_40,0.00633229969694046,625,5,output_MSNE_k_30_nw_200_emb_200_win_10_wl_40_embeddings.csv,output_MSNE_k_30_nw_200_emb_200_win_10_wl_40_clusters.csv
MSNE_k_50_nw_200_emb_200_win_10_wl_40,0.006105899228795444,625,5,output_MSNE_k_50_nw_200_emb_200_win_10_wl_40_embeddings.csv,output_MSNE_k_50_nw_200_emb_200_win_10_wl_40_clusters.csv
MSNE_k_50_nw_50_emb_200_win_15_wl_30,0.006074021305682789,625,5,output_MSNE_k_50_nw_50_emb_200_win_15_wl_30_embeddings.csv,output_MSNE_k_50_nw_50_emb_200_win_15_wl_30_clusters.csv
MSNE_k_40_nw_50_emb_100_win_15_wl_40,0.006061094718542906,625,5,output_MSNE_k_40_nw_50_emb_100_win_15_wl_40_embeddings.csv,output_MSNE_k_40_nw_50_emb_100_win_15_wl_40_clusters.csv
MSNE_k_40_nw_100_emb_200_win_10_wl_20,0.005999645691488003,625,5,output_MSNE_k_40_nw_100_emb_200_win_10_wl_20_embeddings.csv,output_MSNE_k_40_nw_100_emb_200_win_10_wl_20_clusters.csv
MSNE_k_40_nw_200_emb_200_win_5_wl_40,0.005966941199249074,625,5,output_MSNE_k_40_nw_200_emb_200_win_5_wl_40_embeddings.csv,output_MSNE_k_40_nw_200_emb_200_win_5_wl_40_clusters.csv
MSNE_k_10_nw_50_emb_200_win_15_wl_30,0.0059199276579319695,625,5,output_MSNE_k_10_nw_50_emb_200_win_15_wl_30_embeddings.csv,output_MSNE_k_10_nw_50_emb_200_win_15_wl_30_clusters.csv
MSNE_k_50_nw_200_emb_200_win_5_wl_20,0.005845304459844756,625,5,output_MSNE_k_50_nw_200_emb_200_win_5_wl_20_embeddings.csv,output_MSNE_k_50_nw_200_emb_200_win_5_wl_20_clusters.csv
MSNE_k_30_nw_200_emb_200_win_15_wl_40,0.00578554261141332,625,5,output_MSNE_k_30_nw_200_emb_200_win_15_wl_40_embeddings.csv,output_MSNE_k_30_nw_200_emb_200_win_15_wl_40_clusters.csv
MSNE_k_30_nw_200_emb_200_win_10_wl_30,0.005532467387418439,625,5,output_MSNE_k_30_nw_200_emb_200_win_10_wl_30_embeddings.csv,output_MSNE_k_30_nw_200_emb_200_win_10_wl_30_clusters.csv
MSNE_k_30_nw_100_emb_200_win_10_wl_20,0.005514128562351796,625,5,output_MSNE_k_30_nw_100_emb_200_win_10_wl_20_embeddings.csv,output_MSNE_k_30_nw_100_emb_200_win_10_wl_20_clusters.csv
MSNE_k_10_nw_200_emb_200_win_10_wl_30,0.0054699844607247325,625,5,output_MSNE_k_10_nw_200_emb_200_win_10_wl_30_embeddings.csv,output_MSNE_k_10_nw_200_emb_200_win_10_wl_30_clusters.csv
MSNE_k_10_nw_200_emb_200_win_5_wl_30,0.005459857179946313,625,5,output_MSNE_k_10_nw_200_emb_200_win_5_wl_30_embeddings.csv,output_MSNE_k_10_nw_200_emb_200_win_5_wl_30_clusters.csv
MSNE_k_50_nw_100_emb_200_win_10_wl_20,0.005368922662092488,625,5,output_MSNE_k_50_nw_100_emb_200_win_10_wl_20_embeddings.csv,output_MSNE_k_50_nw_100_emb_200_win_10_wl_20_clusters.csv
MSNE_k_10_nw_100_emb_200_win_10_wl_20,0.005270792713246754,625,5,output_MSNE_k_10_nw_100_emb_200_win_10_wl_20_embeddings.csv,output_MSNE_k_10_nw_100_emb_200_win_10_wl_20_clusters.csv
MSNE_k_20_nw_200_emb_200_win_10_wl_30,0.0051846450526721955,625,5,output_MSNE_k_20_nw_200_emb_200_win_10_wl_30_embeddings.csv,output_MSNE_k_20_nw_200_emb_200_win_10_wl_30_clusters.csv
MSNE_k_20_nw_50_emb_200_win_10_wl_40,0.005181106746794181,625,5,output_MSNE_k_20_nw_50_emb_200_win_10_wl_40_embeddings.csv,output_MSNE_k_20_nw_50_emb_200_win_10_wl_40_clusters.csv
MSNE_k_40_nw_50_emb_200_win_10_wl_40,0.005046397966741075,625,5,output_MSNE_k_40_nw_50_emb_200_win_10_wl_40_embeddings.csv,output_MSNE_k_40_nw_50_emb_200_win_10_wl_40_clusters.csv
MSNE_k_30_nw_50_emb_200_win_10_wl_40,0.00503261204071509,625,5,output_MSNE_k_30_nw_50_emb_200_win_10_wl_40_embeddings.csv,output_MSNE_k_30_nw_50_emb_200_win_10_wl_40_clusters.csv
MSNE_k_40_nw_200_emb_200_win_10_wl_30,0.0049088857514781505,625,5,output_MSNE_k_40_nw_200_emb_200_win_10_wl_30_embeddings.csv,output_MSNE_k_40_nw_200_emb_200_win_10_wl_30_clusters.csv
MSNE_k_30_nw_100_emb_200_win_10_wl_40,0.00474651503958215,625,5,output_MSNE_k_30_nw_100_emb_200_win_10_wl_40_embeddings.csv,output_MSNE_k_30_nw_100_emb_200_win_10_wl_40_clusters.csv
MSNE_k_30_nw_200_emb_200_win_10_wl_20,0.004583448165834093,625,5,output_MSNE_k_30_nw_200_emb_200_win_10_wl_20_embeddings.csv,output_MSNE_k_30_nw_200_emb_200_win_10_wl_20_clusters.csv
MSNE_k_20_nw_100_emb_200_win_10_wl_40,0.0044599658955890705,625,5,output_MSNE_k_20_nw_100_emb_200_win_10_wl_40_embeddings.csv,output_MSNE_k_20_nw_100_emb_200_win_10_wl_40_clusters.csv
MSNE_k_30_nw_200_emb_200_win_15_wl_30,0.004432763531860546,625,5,output_MSNE_k_30_nw_200_emb_200_win_15_wl_30_embeddings.csv,output_MSNE_k_30_nw_200_emb_200_win_15_wl_30_clusters.csv
MSNE_k_50_nw_200_emb_200_win_10_wl_30,0.004375815544382829,625,5,output_MSNE_k_50_nw_200_emb_200_win_10_wl_30_embeddings.csv,output_MSNE_k_50_nw_200_emb_200_win_10_wl_30_clusters.csv
MSNE_k_20_nw_200_emb_200_win_15_wl_40,0.004065325063214233,625,5,output_MSNE_k_20_nw_200_emb_200_win_15_wl_40_embeddings.csv,output_MSNE_k_20_nw_200_emb_200_win_15_wl_40_clusters.csv
MSNE_k_30_nw_100_emb_200_win_10_wl_30,0.004055958436901443,625,5,output_MSNE_k_30_nw_100_emb_200_win_10_wl_30_embeddings.csv,output_MSNE_k_30_nw_100_emb_200_win_10_wl_30_clusters.csv
MSNE_k_10_nw_200_emb_200_win_15_wl_40,0.004011097012162135,625,5,output_MSNE_k_10_nw_200_emb_200_win_15_wl_40_embeddings.csv,output_MSNE_k_10_nw_200_emb_200_win_15_wl_40_clusters.csv
MSNE_k_10_nw_50_emb_200_win_10_wl_40,0.0039038384310958072,625,5,output_MSNE_k_10_nw_50_emb_200_win_10_wl_40_embeddings.csv,output_MSNE_k_10_nw_50_emb_200_win_10_wl_40_clusters.csv
MSNE_k_50_nw_50_emb_200_win_10_wl_40,0.003870797085495717,625,5,output_MSNE_k_50_nw_50_emb_200_win_10_wl_40_embeddings.csv,output_MSNE_k_50_nw_50_emb_200_win_10_wl_40_clusters.csv
MSNE_k_40_nw_200_emb_200_win_10_wl_40,0.0038481974941719406,625,5,output_MSNE_k_40_nw_200_emb_200_win_10_wl_40_embeddings.csv,output_MSNE_k_40_nw_200_emb_200_win_10_wl_40_clusters.csv
MSNE_k_10_nw_100_emb_200_win_10_wl_30,0.0037904793478302154,625,5,output_MSNE_k_10_nw_100_emb_200_win_10_wl_30_embeddings.csv,output_MSNE_k_10_nw_100_emb_200_win_10_wl_30_clusters.csv
MSNE_k_40_nw_200_emb_200_win_15_wl_30,0.003693685479955518,625,5,output_MSNE_k_40_nw_200_emb_200_win_15_wl_30_embeddings.csv,output_MSNE_k_40_nw_200_emb_200_win_15_wl_30_clusters.csv
MSNE_k_10_nw_200_emb_200_win_10_wl_40,0.003605135468877627,625,5,output_MSNE_k_10_nw_200_emb_200_win_10_wl_40_embeddings.csv,output_MSNE_k_10_nw_200_emb_200_win_10_wl_40_clusters.csv
MSNE_k_30_nw_100_emb_200_win_15_wl_20,0.003484830609850892,625,5,output_MSNE_k_30_nw_100_emb_200_win_15_wl_20_embeddings.csv,output_MSNE_k_30_nw_100_emb_200_win_15_wl_20_clusters.csv
MSNE_k_10_nw_100_emb_200_win_10_wl_40,0.0034383276068997203,625,5,output_MSNE_k_10_nw_100_emb_200_win_10_wl_40_embeddings.csv,output_MSNE_k_10_nw_100_emb_200_win_10_wl_40_clusters.csv
MSNE_k_40_nw_100_emb_200_win_10_wl_30,0.0033715295678370455,625,5,output_MSNE_k_40_nw_100_emb_200_win_10_wl_30_embeddings.csv,output_MSNE_k_40_nw_100_emb_200_win_10_wl_30_clusters.csv
MSNE_k_20_nw_100_emb_200_win_10_wl_30,0.003345972719041237,625,5,output_MSNE_k_20_nw_100_emb_200_win_10_wl_30_embeddings.csv,output_MSNE_k_20_nw_100_emb_200_win_10_wl_30_clusters.csv
MSNE_k_40_nw_100_emb_200_win_15_wl_20,0.003207911304956225,625,5,output_MSNE_k_40_nw_100_emb_200_win_15_wl_20_embeddings.csv,output_MSNE_k_40_nw_100_emb_200_win_15_wl_20_clusters.csv
MSNE_k_50_nw_200_emb_200_win_15_wl_30,0.0030316009063724733,625,5,output_MSNE_k_50_nw_200_emb_200_win_15_wl_30_embeddings.csv,output_MSNE_k_50_nw_200_emb_200_win_15_wl_30_clusters.csv
MSNE_k_30_nw_50_emb_200_win_15_wl_40,0.003022817378947587,625,5,output_MSNE_k_30_nw_50_emb_200_win_15_wl_40_embeddings.csv,output_MSNE_k_30_nw_50_emb_200_win_15_wl_40_clusters.csv
MSNE_k_30_nw_200_emb_200_win_15_wl_20,0.0029091184021723306,625,5,output_MSNE_k_30_nw_200_emb_200_win_15_wl_20_embeddings.csv,output_MSNE_k_30_nw_200_emb_200_win_15_wl_20_clusters.csv
MSNE_k_50_nw_200_emb_200_win_10_wl_20,0.002603882086410332,625,5,output_MSNE_k_50_nw_200_emb_200_win_10_wl_20_embeddings.csv,output_MSNE_k_50_nw_200_emb_200_win_10_wl_20_clusters.csv
MSNE_k_30_nw_100_emb_200_win_15_wl_40,0.002515366562040588,625,5,output_MSNE_k_30_nw_100_emb_200_win_15_wl_40_embeddings.csv,output_MSNE_k_30_nw_100_emb_200_win_15_wl_40_clusters.csv
MSNE_k_50_nw_200_emb_200_win_15_wl_20,0.002429945209826361,625,5,output_MSNE_k_50_nw_200_emb_200_win_15_wl_20_embeddings.csv,output_MSNE_k_50_nw_200_emb_200_win_15_wl_20_clusters.csv
MSNE_k_10_nw_200_emb_200_win_15_wl_30,0.002265516895629175,625,5,output_MSNE_k_10_nw_200_emb_200_win_15_wl_30_embeddings.csv,output_MSNE_k_10_nw_200_emb_200_win_15_wl_30_clusters.csv
MSNE_k_40_nw_200_emb_200_win_10_wl_20,0.0021474207980094655,625,5,output_MSNE_k_40_nw_200_emb_200_win_10_wl_20_embeddings.csv,output_MSNE_k_40_nw_200_emb_200_win_10_wl_20_clusters.csv
MSNE_k_50_nw_100_emb_200_win_10_wl_40,0.0019989245626260465,625,5,output_MSNE_k_50_nw_100_emb_200_win_10_wl_40_embeddings.csv,output_MSNE_k_50_nw_100_emb_200_win_10_wl_40_clusters.csv
MSNE_k_10_nw_200_emb_200_win_15_wl_20,0.001932768137875743,625,5,output_MSNE_k_10_nw_200_emb_200_win_15_wl_20_embeddings.csv,output_MSNE_k_10_nw_200_emb_200_win_15_wl_20_clusters.csv
MSNE_k_20_nw_100_emb_200_win_15_wl_30,0.0019030221801107348,625,5,output_MSNE_k_20_nw_100_emb_200_win_15_wl_30_embeddings.csv,output_MSNE_k_20_nw_100_emb_200_win_15_wl_30_clusters.csv
MSNE_k_40_nw_100_emb_200_win_15_wl_40,0.0018313635927921744,625,5,output_MSNE_k_40_nw_100_emb_200_win_15_wl_40_embeddings.csv,output_MSNE_k_40_nw_100_emb_200_win_15_wl_40_clusters.csv
MSNE_k_20_nw_200_emb_200_win_15_wl_30,0.0016078826124783635,625,5,output_MSNE_k_20_nw_200_emb_200_win_15_wl_30_embeddings.csv,output_MSNE_k_20_nw_200_emb_200_win_15_wl_30_clusters.csv
MSNE_k_20_nw_100_emb_200_win_15_wl_40,0.0015397799791409168,625,5,output_MSNE_k_20_nw_100_emb_200_win_15_wl_40_embeddings.csv,output_MSNE_k_20_nw_100_emb_200_win_15_wl_40_clusters.csv
MSNE_k_50_nw_100_emb_200_win_10_wl_30,0.0014057093341203163,625,5,output_MSNE_k_50_nw_100_emb_200_win_10_wl_30_embeddings.csv,output_MSNE_k_50_nw_100_emb_200_win_10_wl_30_clusters.csv
MSNE_k_40_nw_100_emb_200_win_15_wl_30,0.0006873695105577027,625,5,output_MSNE_k_40_nw_100_emb_200_win_15_wl_30_embeddings.csv,output_MSNE_k_40_nw_100_emb_200_win_15_wl_30_clusters.csv
MSNE_k_40_nw_200_emb_200_win_15_wl_20,0.0006455767492605685,625,5,output_MSNE_k_40_nw_200_emb_200_win_15_wl_20_embeddings.csv,output_MSNE_k_40_nw_200_emb_200_win_15_wl_20_clusters.csv
MSNE_k_10_nw_100_emb_200_win_15_wl_30,0.0006026765346241972,625,5,output_MSNE_k_10_nw_100_emb_200_win_15_wl_30_embeddings.csv,output_MSNE_k_10_nw_100_emb_200_win_15_wl_30_clusters.csv
MSNE_k_30_nw_100_emb_200_win_15_wl_30,0.0005144124572297483,625,5,output_MSNE_k_30_nw_100_emb_200_win_15_wl_30_embeddings.csv,output_MSNE_k_30_nw_100_emb_200_win_15_wl_30_clusters.csv
MSNE_k_40_nw_100_emb_200_win_10_wl_40,0.00024182646581258306,625,5,output_MSNE_k_40_nw_100_emb_200_win_10_wl_40_embeddings.csv,output_MSNE_k_40_nw_100_emb_200_win_10_wl_40_clusters.csv
MSNE_k_50_nw_100_emb_200_win_15_wl_40,0.00022450585321067936,625,5,output_MSNE_k_50_nw_100_emb_200_win_15_wl_40_embeddings.csv,output_MSNE_k_50_nw_100_emb_200_win_15_wl_40_clusters.csv
MSNE_k_50_nw_100_emb_200_win_15_wl_30,-0.0005426644125582749,625,5,output_MSNE_k_50_nw_100_emb_200_win_15_wl_30_embeddings.csv,output_MSNE_k_50_nw_100_emb_200_win_15_wl_30_clusters.csv
