Algorithm,Category,Subset_Percent,rep_i,rep_j,ARI,Overlap
iClusterBayes,Bayesian,90,1,2,0.8720600030009,504
iClusterBayes,Bayesian,90,1,3,0.655778176130404,502
iClusterBayes,Bayesian,90,1,4,0.67866748138044,509
iClusterBayes,Bayesian,90,1,5,0.839224238783488,510
iClusterBayes,Bayesian,90,1,6,0.83191881594353,501
iClusterBayes,Bayesian,90,1,7,0.853731786548862,500
iClusterBayes,Bayesian,90,1,8,0.745547108156933,501
iClusterBayes,Bayesian,90,2,3,0.597197702312111,504
iClusterBayes,Bayesian,90,2,4,0.628335031290157,502
iClusterBayes,Bayesian,90,2,5,0.953344086456662,507
iClusterBayes,Bayesian,90,2,6,0.853697518964714,503
iClusterBayes,Bayesian,90,2,7,0.85977102814143,509
iClusterBayes,Bayesian,90,2,8,0.749811441745854,503
iClusterBayes,Bayesian,90,3,4,0.703440692582735,502
iClusterBayes,Bayesian,90,3,5,0.629037625346395,506
iClusterBayes,Bayesian,90,3,6,0.651923061855426,508
iClusterBayes,Bayesian,90,3,7,0.659905669856474,507
iClusterBayes,Bayesian,90,3,8,0.696717354336741,506
iClusterBayes,Bayesian,90,4,5,0.641530542019586,504
iClusterBayes,Bayesian,90,4,6,0.632911148768023,503
iClusterBayes,Bayesian,90,4,7,0.654358414838287,503
iClusterBayes,Bayesian,90,4,8,0.628388980294541,510
iClusterBayes,Bayesian,90,5,6,0.862166891500176,508
iClusterBayes,Bayesian,90,5,7,0.859760752685268,504
iClusterBayes,Bayesian,90,5,8,0.756958174581183,508
iClusterBayes,Bayesian,90,6,7,0.935491415583952,506
iClusterBayes,Bayesian,90,6,8,0.838045202038127,507
iClusterBayes,Bayesian,90,7,8,0.849350528475228,506
COCA,Consensus/Ensemble Clustering,90,1,2,0.20067908621332,504
COCA,Consensus/Ensemble Clustering,90,1,3,0.122085947889094,502
COCA,Consensus/Ensemble Clustering,90,1,4,0.877665558248991,509
COCA,Consensus/Ensemble Clustering,90,1,5,0.841301360986372,510
COCA,Consensus/Ensemble Clustering,90,1,6,0.589266519966908,501
COCA,Consensus/Ensemble Clustering,90,1,7,0.174623887071653,503
COCA,Consensus/Ensemble Clustering,90,1,8,0.015965289698434,504
COCA,Consensus/Ensemble Clustering,90,1,9,0.00392343962977631,500
COCA,Consensus/Ensemble Clustering,90,1,10,0.570915673460902,501
COCA,Consensus/Ensemble Clustering,90,2,3,0.573710099464654,504
COCA,Consensus/Ensemble Clustering,90,2,4,0.165876272984129,502
COCA,Consensus/Ensemble Clustering,90,2,5,0.182333123329933,507
COCA,Consensus/Ensemble Clustering,90,2,6,0.132746515363247,503
COCA,Consensus/Ensemble Clustering,90,2,7,0.754309872430781,509
COCA,Consensus/Ensemble Clustering,90,2,8,0.160570763084459,506
COCA,Consensus/Ensemble Clustering,90,2,9,-0.00762915638008127,509
COCA,Consensus/Ensemble Clustering,90,2,10,0.438078859737284,503
COCA,Consensus/Ensemble Clustering,90,3,4,0.0928779765268264,502
COCA,Consensus/Ensemble Clustering,90,3,5,0.101340056642231,506
COCA,Consensus/Ensemble Clustering,90,3,6,0.0732967273499574,508
COCA,Consensus/Ensemble Clustering,90,3,7,0.739132669559624,504
COCA,Consensus/Ensemble Clustering,90,3,8,0.268084437892841,501
COCA,Consensus/Ensemble Clustering,90,3,9,-0.0438009597789437,507
COCA,Consensus/Ensemble Clustering,90,3,10,0.267873332739628,506
COCA,Consensus/Ensemble Clustering,90,4,5,0.921915491982256,504
COCA,Consensus/Ensemble Clustering,90,4,6,0.578570122740938,503
COCA,Consensus/Ensemble Clustering,90,4,7,0.149919948262245,507
COCA,Consensus/Ensemble Clustering,90,4,8,0.0110407092523518,503
COCA,Consensus/Ensemble Clustering,90,4,9,0.0105996312188591,503
COCA,Consensus/Ensemble Clustering,90,4,10,0.486808212046994,510
COCA,Consensus/Ensemble Clustering,90,5,6,0.588087946605844,508
COCA,Consensus/Ensemble Clustering,90,5,7,0.14692331878127,504
COCA,Consensus/Ensemble Clustering,90,5,8,0.016639851666293,502
COCA,Consensus/Ensemble Clustering,90,5,9,0.00555364326521394,504
COCA,Consensus/Ensemble Clustering,90,5,10,0.511503530757399,508
COCA,Consensus/Ensemble Clustering,90,6,7,0.115233244752643,510
COCA,Consensus/Ensemble Clustering,90,6,8,0.0119700185762257,506
COCA,Consensus/Ensemble Clustering,90,6,9,0.0642917335423431,506
COCA,Consensus/Ensemble Clustering,90,6,10,0.416483777065719,507
COCA,Consensus/Ensemble Clustering,90,7,8,0.166988485541546,513
COCA,Consensus/Ensemble Clustering,90,7,9,-0.0169155085534171,505
COCA,Consensus/Ensemble Clustering,90,7,10,0.381230467211704,507
COCA,Consensus/Ensemble Clustering,90,8,9,-0.0215183369269254,512
COCA,Consensus/Ensemble Clustering,90,8,10,0.0471572428287294,510
COCA,Consensus/Ensemble Clustering,90,9,10,0.031797226309926,506
MONET,Graph-based Methods,90,1,2,0.938349842991597,504
MONET,Graph-based Methods,90,1,3,0.953900356271783,502
MONET,Graph-based Methods,90,1,4,0.951021306895365,509
MONET,Graph-based Methods,90,1,5,0.955788482737107,510
MONET,Graph-based Methods,90,1,6,0.925495370029794,501
MONET,Graph-based Methods,90,1,7,0.932211287519689,503
MONET,Graph-based Methods,90,1,8,0.911613628892596,504
MONET,Graph-based Methods,90,1,9,0.951203330303051,500
MONET,Graph-based Methods,90,1,10,0.950171989077201,501
MONET,Graph-based Methods,90,2,3,0.936277503828665,504
MONET,Graph-based Methods,90,2,4,0.964128884460573,502
MONET,Graph-based Methods,90,2,5,0.944221244259244,507
MONET,Graph-based Methods,90,2,6,0.927586937857892,503
MONET,Graph-based Methods,90,2,7,0.940141844068177,509
MONET,Graph-based Methods,90,2,8,0.895452619947436,506
MONET,Graph-based Methods,90,2,9,0.952611960426309,509
MONET,Graph-based Methods,90,2,10,0.909830018234149,503
MONET,Graph-based Methods,90,3,4,0.939474504324456,502
MONET,Graph-based Methods,90,3,5,0.987576067501661,506
MONET,Graph-based Methods,90,3,6,0.949592066690539,508
MONET,Graph-based Methods,90,3,7,0.972650898746083,504
MONET,Graph-based Methods,90,3,8,0.951759219512316,501
MONET,Graph-based Methods,90,3,9,0.912308684143578,507
MONET,Graph-based Methods,90,3,10,0.986192303969235,506
MONET,Graph-based Methods,90,4,5,0.951807460584118,504
MONET,Graph-based Methods,90,4,6,0.944546406401112,503
MONET,Graph-based Methods,90,4,7,0.958350574724296,507
MONET,Graph-based Methods,90,4,8,0.896756085479337,503
MONET,Graph-based Methods,90,4,9,0.958970107498211,503
MONET,Graph-based Methods,90,4,10,0.939196203129911,510
MONET,Graph-based Methods,90,5,6,0.937430767939399,508
MONET,Graph-based Methods,90,5,7,0.960362532935559,504
MONET,Graph-based Methods,90,5,8,0.93941297956787,502
MONET,Graph-based Methods,90,5,9,0.920442771948053,504
MONET,Graph-based Methods,90,5,10,0.960716412359066,508
MONET,Graph-based Methods,90,6,7,0.964253140186156,510
MONET,Graph-based Methods,90,6,8,0.936582675898599,506
MONET,Graph-based Methods,90,6,9,0.922667669725459,506
MONET,Graph-based Methods,90,6,10,0.957091692006341,507
MONET,Graph-based Methods,90,7,8,0.927023682823042,513
MONET,Graph-based Methods,90,7,9,0.916472036950008,505
MONET,Graph-based Methods,90,7,10,0.958107083515056,507
MONET,Graph-based Methods,90,8,9,0.874353954242396,512
MONET,Graph-based Methods,90,8,10,0.94256342598376,510
MONET,Graph-based Methods,90,9,10,0.91086290981675,506
LRAcluster,Matrix Factorization,90,1,2,0.91450097624328,504
LRAcluster,Matrix Factorization,90,1,3,0.984328774100002,502
LRAcluster,Matrix Factorization,90,1,4,0.95705269172253,509
LRAcluster,Matrix Factorization,90,1,5,0.912154935443025,510
LRAcluster,Matrix Factorization,90,1,6,0.924107723244609,501
LRAcluster,Matrix Factorization,90,1,7,0.901883005591728,503
LRAcluster,Matrix Factorization,90,1,8,0.929115706406087,504
LRAcluster,Matrix Factorization,90,1,9,0.912882007415126,500
LRAcluster,Matrix Factorization,90,1,10,0.897880698011897,501
LRAcluster,Matrix Factorization,90,2,3,0.937426052668096,504
LRAcluster,Matrix Factorization,90,2,4,0.878708349668569,502
LRAcluster,Matrix Factorization,90,2,5,0.837665528550244,507
LRAcluster,Matrix Factorization,90,2,6,0.942058917653147,503
LRAcluster,Matrix Factorization,90,2,7,0.839002599248484,509
LRAcluster,Matrix Factorization,90,2,8,0.960427185097176,506
LRAcluster,Matrix Factorization,90,2,9,0.974196313708184,509
LRAcluster,Matrix Factorization,90,2,10,0.829925174429102,503
LRAcluster,Matrix Factorization,90,3,4,0.936283527363635,502
LRAcluster,Matrix Factorization,90,3,5,0.88650461583636,506
LRAcluster,Matrix Factorization,90,3,6,0.940304408815045,508
LRAcluster,Matrix Factorization,90,3,7,0.877157457348115,504
LRAcluster,Matrix Factorization,90,3,8,0.951065738973642,501
LRAcluster,Matrix Factorization,90,3,9,0.925381772270473,507
LRAcluster,Matrix Factorization,90,3,10,0.874373432913644,506
LRAcluster,Matrix Factorization,90,4,5,0.941754445924605,504
LRAcluster,Matrix Factorization,90,4,6,0.891348154392531,503
LRAcluster,Matrix Factorization,90,4,7,0.936910811448154,507
LRAcluster,Matrix Factorization,90,4,8,0.893317034868926,503
LRAcluster,Matrix Factorization,90,4,9,0.877672410489608,503
LRAcluster,Matrix Factorization,90,4,10,0.937776401991498,510
LRAcluster,Matrix Factorization,90,5,6,0.851689807348951,508
LRAcluster,Matrix Factorization,90,5,7,1,504
LRAcluster,Matrix Factorization,90,5,8,0.838173359547859,502
LRAcluster,Matrix Factorization,90,5,9,0.847645380675272,504
LRAcluster,Matrix Factorization,90,5,10,0.996127287054196,508
LRAcluster,Matrix Factorization,90,6,7,0.848382509805921,510
LRAcluster,Matrix Factorization,90,6,8,0.93855563443428,506
LRAcluster,Matrix Factorization,90,6,9,0.932456928389018,506
LRAcluster,Matrix Factorization,90,6,10,0.840806859557994,507
LRAcluster,Matrix Factorization,90,7,8,0.836232176311815,513
LRAcluster,Matrix Factorization,90,7,9,0.841569482114868,505
LRAcluster,Matrix Factorization,90,7,10,0.996213397982443,507
LRAcluster,Matrix Factorization,90,8,9,0.958020134581925,512
LRAcluster,Matrix Factorization,90,8,10,0.833296428242037,510
LRAcluster,Matrix Factorization,90,9,10,0.832633135008208,506
CIMLR,Multiple Kernel Learning,90,1,2,0.646593631434417,504
CIMLR,Multiple Kernel Learning,90,1,3,0.670944372130301,502
CIMLR,Multiple Kernel Learning,90,1,4,0.156087304213665,509
CIMLR,Multiple Kernel Learning,90,1,5,0.625940872089015,510
CIMLR,Multiple Kernel Learning,90,1,6,0.489813971371286,501
CIMLR,Multiple Kernel Learning,90,1,7,0.502570852270476,503
CIMLR,Multiple Kernel Learning,90,1,8,0.559209783200631,504
CIMLR,Multiple Kernel Learning,90,1,9,0.528611967980551,500
CIMLR,Multiple Kernel Learning,90,1,10,0.399219171432469,501
CIMLR,Multiple Kernel Learning,90,2,3,0.615906816842475,504
CIMLR,Multiple Kernel Learning,90,2,4,0.2524116383715,502
CIMLR,Multiple Kernel Learning,90,2,5,0.59986111128874,507
CIMLR,Multiple Kernel Learning,90,2,6,0.660493803667989,503
CIMLR,Multiple Kernel Learning,90,2,7,0.716427010562689,509
CIMLR,Multiple Kernel Learning,90,2,8,0.362943511768729,506
CIMLR,Multiple Kernel Learning,90,2,9,0.638569516914399,509
CIMLR,Multiple Kernel Learning,90,2,10,0.352101112096114,503
CIMLR,Multiple Kernel Learning,90,3,4,0.248155862742743,502
CIMLR,Multiple Kernel Learning,90,3,5,0.721423462011523,506
CIMLR,Multiple Kernel Learning,90,3,6,0.59463748718082,508
CIMLR,Multiple Kernel Learning,90,3,7,0.616537600567071,504
CIMLR,Multiple Kernel Learning,90,3,8,0.369373873150707,501
CIMLR,Multiple Kernel Learning,90,3,9,0.563636610860551,507
CIMLR,Multiple Kernel Learning,90,3,10,0.403840386431214,506
CIMLR,Multiple Kernel Learning,90,4,5,0.293171854195609,504
CIMLR,Multiple Kernel Learning,90,4,6,0.431844243635345,503
CIMLR,Multiple Kernel Learning,90,4,7,0.394595822677824,507
CIMLR,Multiple Kernel Learning,90,4,8,0.00624424267311707,503
CIMLR,Multiple Kernel Learning,90,4,9,0.24689754650988,503
CIMLR,Multiple Kernel Learning,90,4,10,0.0779223696591261,510
CIMLR,Multiple Kernel Learning,90,5,6,0.715928460595722,508
CIMLR,Multiple Kernel Learning,90,5,7,0.687220602134994,504
CIMLR,Multiple Kernel Learning,90,5,8,0.320334330610511,502
CIMLR,Multiple Kernel Learning,90,5,9,0.648191585189194,504
CIMLR,Multiple Kernel Learning,90,5,10,0.43117636542882,508
CIMLR,Multiple Kernel Learning,90,6,7,0.827404805991789,510
CIMLR,Multiple Kernel Learning,90,6,8,0.227081446591801,506
CIMLR,Multiple Kernel Learning,90,6,9,0.649468839121714,506
CIMLR,Multiple Kernel Learning,90,6,10,0.305814369298572,507
CIMLR,Multiple Kernel Learning,90,7,8,0.226046005371214,513
CIMLR,Multiple Kernel Learning,90,7,9,0.623504158054862,505
CIMLR,Multiple Kernel Learning,90,7,10,0.305813200610535,507
CIMLR,Multiple Kernel Learning,90,8,9,0.401753518316771,512
CIMLR,Multiple Kernel Learning,90,8,10,0.279039530175564,510
CIMLR,Multiple Kernel Learning,90,9,10,0.516540298743164,506
KLIC,Multiple Kernel Learning,90,1,2,0.481509725105542,504
KLIC,Multiple Kernel Learning,90,1,3,0.46488363123662,502
KLIC,Multiple Kernel Learning,90,1,4,0.442899221675339,509
KLIC,Multiple Kernel Learning,90,1,5,0.466067138230337,510
KLIC,Multiple Kernel Learning,90,1,6,0.387052293200832,501
KLIC,Multiple Kernel Learning,90,1,7,0.474659667594753,503
KLIC,Multiple Kernel Learning,90,1,8,0.312040082420322,504
KLIC,Multiple Kernel Learning,90,1,9,0.471424179574269,500
KLIC,Multiple Kernel Learning,90,1,10,0.444817594666928,501
KLIC,Multiple Kernel Learning,90,2,3,0.897086555425793,504
KLIC,Multiple Kernel Learning,90,2,4,0.568802359081201,502
KLIC,Multiple Kernel Learning,90,2,5,0.892909800953863,507
KLIC,Multiple Kernel Learning,90,2,6,0.905359295463031,503
KLIC,Multiple Kernel Learning,90,2,7,0.495223059540421,509
KLIC,Multiple Kernel Learning,90,2,8,-0.0316368051224675,506
KLIC,Multiple Kernel Learning,90,2,9,0.888276557855743,509
KLIC,Multiple Kernel Learning,90,2,10,0.251385191199015,503
KLIC,Multiple Kernel Learning,90,3,4,0.582214067586882,502
KLIC,Multiple Kernel Learning,90,3,5,0.97556296516029,506
KLIC,Multiple Kernel Learning,90,3,6,0.91412870429475,508
KLIC,Multiple Kernel Learning,90,3,7,0.58287948362838,504
KLIC,Multiple Kernel Learning,90,3,8,-0.0583984247448299,501
KLIC,Multiple Kernel Learning,90,3,9,1,507
KLIC,Multiple Kernel Learning,90,3,10,0.219866462583703,506
KLIC,Multiple Kernel Learning,90,4,5,0.569234337453615,504
KLIC,Multiple Kernel Learning,90,4,6,0.58279078039774,503
KLIC,Multiple Kernel Learning,90,4,7,0.918639669233122,507
KLIC,Multiple Kernel Learning,90,4,8,0.135709659177929,503
KLIC,Multiple Kernel Learning,90,4,9,0.583003116178277,503
KLIC,Multiple Kernel Learning,90,4,10,0.236245606435019,510
KLIC,Multiple Kernel Learning,90,5,6,0.943904279942227,508
KLIC,Multiple Kernel Learning,90,5,7,0.554494299043065,504
KLIC,Multiple Kernel Learning,90,5,8,-0.060221328103898,502
KLIC,Multiple Kernel Learning,90,5,9,0.973595715102265,504
KLIC,Multiple Kernel Learning,90,5,10,0.214403093956561,508
KLIC,Multiple Kernel Learning,90,6,7,0.532421913412018,510
KLIC,Multiple Kernel Learning,90,6,8,-0.0508495708215735,506
KLIC,Multiple Kernel Learning,90,6,9,0.909989387702913,506
KLIC,Multiple Kernel Learning,90,6,10,0.196330001141889,507
KLIC,Multiple Kernel Learning,90,7,8,0.125172351829644,513
KLIC,Multiple Kernel Learning,90,7,9,0.582989893622633,505
KLIC,Multiple Kernel Learning,90,7,10,0.207274933414263,507
KLIC,Multiple Kernel Learning,90,8,9,-0.0545529841679428,512
KLIC,Multiple Kernel Learning,90,8,10,0.384874732320356,510
KLIC,Multiple Kernel Learning,90,9,10,0.201118482225832,506
wMKL,Multiple Kernel Learning,90,1,2,0.477609906161664,504
wMKL,Multiple Kernel Learning,90,1,3,0.587303748779413,502
wMKL,Multiple Kernel Learning,90,1,4,0.512864066886737,509
wMKL,Multiple Kernel Learning,90,1,5,0.631946285924822,510
wMKL,Multiple Kernel Learning,90,1,6,0.607452870928976,501
wMKL,Multiple Kernel Learning,90,1,7,0.643855275400688,503
wMKL,Multiple Kernel Learning,90,1,8,0.579975750959516,504
wMKL,Multiple Kernel Learning,90,1,9,0.555731264156015,500
wMKL,Multiple Kernel Learning,90,1,10,0.617843158147636,501
wMKL,Multiple Kernel Learning,90,2,3,0.64743602365077,504
wMKL,Multiple Kernel Learning,90,2,4,0.639521859336166,502
wMKL,Multiple Kernel Learning,90,2,5,0.629541241521195,507
wMKL,Multiple Kernel Learning,90,2,6,0.65926604890038,503
wMKL,Multiple Kernel Learning,90,2,7,0.647477558168942,509
wMKL,Multiple Kernel Learning,90,2,8,0.482127075602703,506
wMKL,Multiple Kernel Learning,90,2,9,0.633958945956655,509
wMKL,Multiple Kernel Learning,90,2,10,0.575611020867617,503
wMKL,Multiple Kernel Learning,90,3,4,0.710159488155372,502
wMKL,Multiple Kernel Learning,90,3,5,0.807670181428714,506
wMKL,Multiple Kernel Learning,90,3,6,0.853573572209749,508
wMKL,Multiple Kernel Learning,90,3,7,0.862448599266717,504
wMKL,Multiple Kernel Learning,90,3,8,0.610644083615114,501
wMKL,Multiple Kernel Learning,90,3,9,0.719842741200631,507
wMKL,Multiple Kernel Learning,90,3,10,0.808807244134058,506
wMKL,Multiple Kernel Learning,90,4,5,0.765317352033271,504
wMKL,Multiple Kernel Learning,90,4,6,0.733211145963122,503
wMKL,Multiple Kernel Learning,90,4,7,0.719565493048128,507
wMKL,Multiple Kernel Learning,90,4,8,0.580182878325687,503
wMKL,Multiple Kernel Learning,90,4,9,0.71299007078575,503
wMKL,Multiple Kernel Learning,90,4,10,0.720552141993425,510
wMKL,Multiple Kernel Learning,90,5,6,0.804990837443783,508
wMKL,Multiple Kernel Learning,90,5,7,0.813802986884712,504
wMKL,Multiple Kernel Learning,90,5,8,0.593601600345337,502
wMKL,Multiple Kernel Learning,90,5,9,0.724474804040457,504
wMKL,Multiple Kernel Learning,90,5,10,0.804431653255538,508
wMKL,Multiple Kernel Learning,90,6,7,0.864079732706838,510
wMKL,Multiple Kernel Learning,90,6,8,0.605293230453483,506
wMKL,Multiple Kernel Learning,90,6,9,0.750160831861096,506
wMKL,Multiple Kernel Learning,90,6,10,0.759521724642514,507
wMKL,Multiple Kernel Learning,90,7,8,0.579321189501524,513
wMKL,Multiple Kernel Learning,90,7,9,0.735910321876973,505
wMKL,Multiple Kernel Learning,90,7,10,0.804816337276181,507
wMKL,Multiple Kernel Learning,90,8,9,0.608325226154144,512
wMKL,Multiple Kernel Learning,90,8,10,0.682190599648115,510
wMKL,Multiple Kernel Learning,90,9,10,0.721899150474922,506
ANF,Similarity Network,90,1,2,0.923368730267157,504
ANF,Similarity Network,90,1,3,0.923557168857609,502
ANF,Similarity Network,90,1,4,0.915231876177462,509
ANF,Similarity Network,90,1,5,0.91534677937371,510
ANF,Similarity Network,90,1,6,0.921484938201269,501
ANF,Similarity Network,90,1,7,0.947873672182069,503
ANF,Similarity Network,90,1,8,0.922494781091174,504
ANF,Similarity Network,90,1,9,0.956491225860015,500
ANF,Similarity Network,90,1,10,0.896136384053514,501
ANF,Similarity Network,90,2,3,0.940469300782317,504
ANF,Similarity Network,90,2,4,0.974005225601888,502
ANF,Similarity Network,90,2,5,0.957480668550891,507
ANF,Similarity Network,90,2,6,0.956537731036832,503
ANF,Similarity Network,90,2,7,0.965778199342373,509
ANF,Similarity Network,90,2,8,0.94014931352254,506
ANF,Similarity Network,90,2,9,0.982913666212391,509
ANF,Similarity Network,90,2,10,0.94771869555594,503
ANF,Similarity Network,90,3,4,0.939999707001493,502
ANF,Similarity Network,90,3,5,0.924176246247207,506
ANF,Similarity Network,90,3,6,0.923357026477311,508
ANF,Similarity Network,90,3,7,0.939827142257505,504
ANF,Similarity Network,90,3,8,0.939749792925538,501
ANF,Similarity Network,90,3,9,0.948876079947801,507
ANF,Similarity Network,90,3,10,0.906201167832203,506
ANF,Similarity Network,90,4,5,0.974002460059163,504
ANF,Similarity Network,90,4,6,0.965002449903618,503
ANF,Similarity Network,90,4,7,0.974030905896092,507
ANF,Similarity Network,90,4,8,0.947873672182069,503
ANF,Similarity Network,90,4,9,0.973894108896307,503
ANF,Similarity Network,90,4,10,0.973894102602793,510
ANF,Similarity Network,90,5,6,0.965437219214585,508
ANF,Similarity Network,90,5,7,0.974003000165877,504
ANF,Similarity Network,90,5,8,0.931654944021327,502
ANF,Similarity Network,90,5,9,0.965550407238997,504
ANF,Similarity Network,90,5,10,0.974065361243322,508
ANF,Similarity Network,90,6,7,0.965314655659562,510
ANF,Similarity Network,90,6,8,0.905023602430642,506
ANF,Similarity Network,90,6,9,0.956441893842559,506
ANF,Similarity Network,90,6,10,0.964960288714915,507
ANF,Similarity Network,90,7,8,0.957094964341061,513
ANF,Similarity Network,90,7,9,0.982530049234613,505
ANF,Similarity Network,90,7,10,0.964961487781536,507
ANF,Similarity Network,90,8,9,0.948625345274732,512
ANF,Similarity Network,90,8,10,0.922866484027897,510
ANF,Similarity Network,90,9,10,0.939268842848108,506
MDICC,Similarity Network,90,1,2,-0.0167972323542832,501
MDICC,Similarity Network,90,1,3,-0.0107408247096459,504
MDICC,Similarity Network,90,1,4,0.704492488199188,502
MDICC,Similarity Network,90,1,5,-0.0197174990872282,509
MDICC,Similarity Network,90,1,6,-0.00557766545996562,510
MDICC,Similarity Network,90,1,7,-0.0138470566888321,501
MDICC,Similarity Network,90,1,8,-0.0173804208229066,503
MDICC,Similarity Network,90,1,9,-0.0181245905344062,504
MDICC,Similarity Network,90,1,10,-0.0210589296653253,500
MDICC,Similarity Network,90,2,3,-0.0147003559781414,503
MDICC,Similarity Network,90,2,4,-0.0191822470495746,506
MDICC,Similarity Network,90,2,5,-0.0279004510640884,510
MDICC,Similarity Network,90,2,6,-0.00941301194713312,508
MDICC,Similarity Network,90,2,7,1,507
MDICC,Similarity Network,90,2,8,-0.0265988851458253,507
MDICC,Similarity Network,90,2,9,1,510
MDICC,Similarity Network,90,2,10,-0.0295154973748339,506
MDICC,Similarity Network,90,3,4,-0.0098574757936843,504
MDICC,Similarity Network,90,3,5,-0.0177863366573811,502
MDICC,Similarity Network,90,3,6,0.280448500474964,507
MDICC,Similarity Network,90,3,7,-0.013073339680597,503
MDICC,Similarity Network,90,3,8,-0.0126679907912421,509
MDICC,Similarity Network,90,3,9,-0.00665516704724147,506
MDICC,Similarity Network,90,3,10,-0.0158924633396506,509
MDICC,Similarity Network,90,4,5,0.0469798185909397,502
MDICC,Similarity Network,90,4,6,-0.0058921718559223,506
MDICC,Similarity Network,90,4,7,-0.011994528128959,508
MDICC,Similarity Network,90,4,8,-0.0199057774773306,504
MDICC,Similarity Network,90,4,9,-0.0207493174843879,501
MDICC,Similarity Network,90,4,10,-0.0232062257723806,507
MDICC,Similarity Network,90,5,6,-0.0100023172622708,504
MDICC,Similarity Network,90,5,7,-0.0307289722954116,503
MDICC,Similarity Network,90,5,8,0.869121299563867,507
MDICC,Similarity Network,90,5,9,-0.0321267050984275,503
MDICC,Similarity Network,90,5,10,-0.0443140186702999,503
MDICC,Similarity Network,90,6,7,-0.00952140884852969,508
MDICC,Similarity Network,90,6,8,-0.00696493495788033,504
MDICC,Similarity Network,90,6,9,-0.00686081660696392,502
MDICC,Similarity Network,90,6,10,-0.00701751387585096,504
MDICC,Similarity Network,90,7,8,-0.0288643619699735,510
MDICC,Similarity Network,90,7,9,1,506
MDICC,Similarity Network,90,7,10,-0.033319181910492,506
MDICC,Similarity Network,90,8,9,-0.0296985516629224,513
MDICC,Similarity Network,90,8,10,-0.0429991182514814,505
MDICC,Similarity Network,90,9,10,-0.0362039244475178,512
MSNE,Similarity Network,90,1,2,0.631964756386196,504
MSNE,Similarity Network,90,1,3,0.611509845996306,502
MSNE,Similarity Network,90,1,4,0.604905201865535,509
MSNE,Similarity Network,90,1,5,0.593980159844579,510
MSNE,Similarity Network,90,1,6,0.60031908486241,501
MSNE,Similarity Network,90,1,7,0.586657251120951,503
MSNE,Similarity Network,90,1,8,0.576448538373076,504
MSNE,Similarity Network,90,1,9,0.556677870262744,500
MSNE,Similarity Network,90,1,10,0.578003506463066,501
MSNE,Similarity Network,90,2,3,0.596164110944134,504
MSNE,Similarity Network,90,2,4,0.61062976537312,502
MSNE,Similarity Network,90,2,5,0.596495646339259,507
MSNE,Similarity Network,90,2,6,0.640738702433426,503
MSNE,Similarity Network,90,2,7,0.576138990625215,509
MSNE,Similarity Network,90,2,8,0.561250639162051,506
MSNE,Similarity Network,90,2,9,0.629693646356706,509
MSNE,Similarity Network,90,2,10,0.633258228121531,503
MSNE,Similarity Network,90,3,4,0.576726836387363,502
MSNE,Similarity Network,90,3,5,0.560827249540187,506
MSNE,Similarity Network,90,3,6,0.624327424667867,508
MSNE,Similarity Network,90,3,7,0.59475968842318,504
MSNE,Similarity Network,90,3,8,0.560207506186877,501
MSNE,Similarity Network,90,3,9,0.573346065558276,507
MSNE,Similarity Network,90,3,10,0.599178964466768,506
MSNE,Similarity Network,90,4,5,0.602537406202155,504
MSNE,Similarity Network,90,4,6,0.612742444181944,503
MSNE,Similarity Network,90,4,7,0.580199863335106,507
MSNE,Similarity Network,90,4,8,0.544103241660292,503
MSNE,Similarity Network,90,4,9,0.578879553250628,503
MSNE,Similarity Network,90,4,10,0.586269603887027,510
MSNE,Similarity Network,90,5,6,0.614998016155763,508
MSNE,Similarity Network,90,5,7,0.589524064377538,504
MSNE,Similarity Network,90,5,8,0.577327702891415,502
MSNE,Similarity Network,90,5,9,0.602070574881903,504
MSNE,Similarity Network,90,5,10,0.579290167766409,508
MSNE,Similarity Network,90,6,7,0.601921104726543,510
MSNE,Similarity Network,90,6,8,0.605098798394454,506
MSNE,Similarity Network,90,6,9,0.638680552919511,506
MSNE,Similarity Network,90,6,10,0.600765841688753,507
MSNE,Similarity Network,90,7,8,0.598865219296889,513
MSNE,Similarity Network,90,7,9,0.61544539624165,505
MSNE,Similarity Network,90,7,10,0.593874461246753,507
MSNE,Similarity Network,90,8,9,0.557741696887894,512
MSNE,Similarity Network,90,8,10,0.599966978949155,510
MSNE,Similarity Network,90,9,10,0.609656638997459,506
NEMO,Similarity Network,90,1,2,0.974145584617749,504
NEMO,Similarity Network,90,1,3,0.948251339621882,502
NEMO,Similarity Network,90,1,4,0.931910195637999,509
NEMO,Similarity Network,90,1,5,0.95742285441506,510
NEMO,Similarity Network,90,1,6,0.931187749266906,501
NEMO,Similarity Network,90,1,7,0.939747641236616,503
NEMO,Similarity Network,90,1,8,0.930870928024513,504
NEMO,Similarity Network,90,1,9,0.931282147822805,500
NEMO,Similarity Network,90,1,10,0.956548264865454,501
NEMO,Similarity Network,90,2,3,0.957080465093853,504
NEMO,Similarity Network,90,2,4,0.948251339621882,502
NEMO,Similarity Network,90,2,5,0.97451394487572,507
NEMO,Similarity Network,90,2,6,0.948600813170034,503
NEMO,Similarity Network,90,2,7,0.965871592356754,509
NEMO,Similarity Network,90,2,8,0.93963214344004,506
NEMO,Similarity Network,90,2,9,0.941165667930737,509
NEMO,Similarity Network,90,2,10,0.94817499807012,503
NEMO,Similarity Network,90,3,4,0.948105783646789,502
NEMO,Similarity Network,90,3,5,0.982888082851867,506
NEMO,Similarity Network,90,3,6,0.948944036249508,508
NEMO,Similarity Network,90,3,7,0.948242780381197,504
NEMO,Similarity Network,90,3,8,0.947416829791572,501
NEMO,Similarity Network,90,3,9,0.957253376144034,507
NEMO,Similarity Network,90,3,10,0.94852477853145,506
NEMO,Similarity Network,90,4,5,0.974074746047054,504
NEMO,Similarity Network,90,4,6,0.948321947714595,503
NEMO,Similarity Network,90,4,7,0.982727324801373,507
NEMO,Similarity Network,90,4,8,0.956273068926258,503
NEMO,Similarity Network,90,4,9,0.96540932516376,503
NEMO,Similarity Network,90,4,10,0.974132667279546,510
NEMO,Similarity Network,90,5,6,0.982890735324966,508
NEMO,Similarity Network,90,5,7,0.957194018124606,504
NEMO,Similarity Network,90,5,8,0.956964307113978,502
NEMO,Similarity Network,90,5,9,0.95741272789108,504
NEMO,Similarity Network,90,5,10,0.966004601495834,508
NEMO,Similarity Network,90,6,7,0.932374668056013,510
NEMO,Similarity Network,90,6,8,0.913893698874774,506
NEMO,Similarity Network,90,6,9,0.932193037666448,506
NEMO,Similarity Network,90,6,10,0.948874554220752,507
NEMO,Similarity Network,90,7,8,0.923374104227009,513
NEMO,Similarity Network,90,7,9,0.940236971781156,505
NEMO,Similarity Network,90,7,10,0.948295476765681,507
NEMO,Similarity Network,90,8,9,0.948473212524835,512
NEMO,Similarity Network,90,8,10,0.948340118189467,510
NEMO,Similarity Network,90,9,10,0.94014931352254,506
RWR-F,Similarity Network,90,1,2,0.96062468877837,504
RWR-F,Similarity Network,90,1,3,0.992030127257399,502
RWR-F,Similarity Network,90,1,4,0.968747381062477,509
RWR-F,Similarity Network,90,1,5,0.953393454980452,510
RWR-F,Similarity Network,90,1,6,0.968249475805281,501
RWR-F,Similarity Network,90,1,7,0.952751503934429,503
RWR-F,Similarity Network,90,1,8,0.992062708022983,504
RWR-F,Similarity Network,90,1,9,0.98403123503844,500
RWR-F,Similarity Network,90,1,10,0.984062526045921,501
RWR-F,Similarity Network,90,2,3,0.952836476344842,504
RWR-F,Similarity Network,90,2,4,1,502
RWR-F,Similarity Network,90,2,5,1,507
RWR-F,Similarity Network,90,2,6,0.976229008283308,503
RWR-F,Similarity Network,90,2,7,0.984309037021507,509
RWR-F,Similarity Network,90,2,8,0.960778003310317,506
RWR-F,Similarity Network,90,2,9,0.961012742443604,509
RWR-F,Similarity Network,90,2,10,0.960548620124514,503
RWR-F,Similarity Network,90,3,4,0.952658810912243,502
RWR-F,Similarity Network,90,3,5,0.960776665140174,506
RWR-F,Similarity Network,90,3,6,0.976463881189781,508
RWR-F,Similarity Network,90,3,7,0.945082523070015,504
RWR-F,Similarity Network,90,3,8,0.984060349498551,501
RWR-F,Similarity Network,90,3,9,0.992109475967614,507
RWR-F,Similarity Network,90,3,10,0.992093410597384,506
RWR-F,Similarity Network,90,4,5,0.992062398461643,504
RWR-F,Similarity Network,90,4,6,0.968375829846627,503
RWR-F,Similarity Network,90,4,7,0.98424830582833,507
RWR-F,Similarity Network,90,4,8,0.968376613869404,503
RWR-F,Similarity Network,90,4,9,0.960552958805996,503
RWR-F,Similarity Network,90,4,10,0.961088199020177,510
RWR-F,Similarity Network,90,5,6,0.984279024423933,508
RWR-F,Similarity Network,90,5,7,0.984154892172826,504
RWR-F,Similarity Network,90,5,8,0.960473583516195,502
RWR-F,Similarity Network,90,5,9,0.968441399152496,504
RWR-F,Similarity Network,90,5,10,0.968687099069255,508
RWR-F,Similarity Network,90,6,7,0.96108079490726,510
RWR-F,Similarity Network,90,6,8,0.976371990167171,506
RWR-F,Similarity Network,90,6,9,0.984219064158035,506
RWR-F,Similarity Network,90,6,10,0.984249627268651,507
RWR-F,Similarity Network,90,7,8,0.953661378830134,513
RWR-F,Similarity Network,90,7,9,0.960706268035638,505
RWR-F,Similarity Network,90,7,10,0.95311944207144,507
RWR-F,Similarity Network,90,8,9,0.992186494710836,512
RWR-F,Similarity Network,90,8,10,0.992155990354668,510
RWR-F,Similarity Network,90,9,10,1,506
SNF,Similarity Network,90,1,2,0.947618735148562,504
SNF,Similarity Network,90,1,3,0.93856205994892,502
SNF,Similarity Network,90,1,4,0.964812529038439,509
SNF,Similarity Network,90,1,5,0.947670481441307,510
SNF,Similarity Network,90,1,6,0.946537417405112,501
SNF,Similarity Network,90,1,7,0.94685523498855,503
SNF,Similarity Network,90,1,8,0.964593322624613,504
SNF,Similarity Network,90,1,9,0.946471829141332,500
SNF,Similarity Network,90,1,10,0.946538071887559,501
SNF,Similarity Network,90,2,3,0.99124913016585,504
SNF,Similarity Network,90,2,4,0.973542205231727,502
SNF,Similarity Network,90,2,5,0.965592879946704,507
SNF,Similarity Network,90,2,6,0.964893808778165,503
SNF,Similarity Network,90,2,7,0.956873362706393,509
SNF,Similarity Network,90,2,8,0.982444556224675,506
SNF,Similarity Network,90,2,9,0.965483339535901,509
SNF,Similarity Network,90,2,10,0.964783337648783,503
SNF,Similarity Network,90,3,4,0.964622458067689,502
SNF,Similarity Network,90,3,5,0.973920671185519,506
SNF,Similarity Network,90,3,6,0.973743579588208,508
SNF,Similarity Network,90,3,7,0.964711569345565,504
SNF,Similarity Network,90,3,8,0.982274805587801,501
SNF,Similarity Network,90,3,9,0.973625171910496,507
SNF,Similarity Network,90,3,10,0.973591932988221,506
SNF,Similarity Network,90,4,5,0.973524342753761,504
SNF,Similarity Network,90,4,6,0.964427581836736,503
SNF,Similarity Network,90,4,7,0.964725253042596,507
SNF,Similarity Network,90,4,8,1,503
SNF,Similarity Network,90,4,9,0.991037881946193,503
SNF,Similarity Network,90,4,10,0.991115063300855,510
SNF,Similarity Network,90,5,6,0.965117076597212,508
SNF,Similarity Network,90,5,7,0.965047781080734,504
SNF,Similarity Network,90,5,8,0.982512329582936,502
SNF,Similarity Network,90,5,9,0.982399136475629,504
SNF,Similarity Network,90,5,10,0.982544234511904,508
SNF,Similarity Network,90,6,7,0.991206546008473,510
SNF,Similarity Network,90,6,8,0.973412907438611,506
SNF,Similarity Network,90,6,9,0.964681913333681,506
SNF,Similarity Network,90,6,10,0.964844584649516,507
SNF,Similarity Network,90,7,8,0.973820560293593,513
SNF,Similarity Network,90,7,9,0.964637937725285,505
SNF,Similarity Network,90,7,10,0.964603451384571,507
SNF,Similarity Network,90,8,9,1,512
SNF,Similarity Network,90,8,10,1,510
SNF,Similarity Network,90,9,10,1,506
Spectrum,Similarity Network,90,1,2,0.322810580445728,504
Spectrum,Similarity Network,90,1,3,0.563288389392564,502
Spectrum,Similarity Network,90,1,4,0.471489842421199,509
Spectrum,Similarity Network,90,1,5,0.317269390372279,510
Spectrum,Similarity Network,90,1,6,0.319549213968534,501
Spectrum,Similarity Network,90,1,7,0.0893342705042616,503
Spectrum,Similarity Network,90,1,8,0.426035843053921,504
Spectrum,Similarity Network,90,1,9,0.307036570053897,500
Spectrum,Similarity Network,90,1,10,0.494643819423718,501
Spectrum,Similarity Network,90,2,3,0.453675340690325,504
Spectrum,Similarity Network,90,2,4,0.547238245164913,502
Spectrum,Similarity Network,90,2,5,0.889124868117559,507
Spectrum,Similarity Network,90,2,6,0.913153938200483,503
Spectrum,Similarity Network,90,2,7,0.408849177518219,509
Spectrum,Similarity Network,90,2,8,0.526433718536012,506
Spectrum,Similarity Network,90,2,9,0.867641844928199,509
Spectrum,Similarity Network,90,2,10,0.297146679032632,503
Spectrum,Similarity Network,90,3,4,0.560281977886968,502
Spectrum,Similarity Network,90,3,5,0.425485427345299,506
Spectrum,Similarity Network,90,3,6,0.427773739424624,508
Spectrum,Similarity Network,90,3,7,0.140524064575753,504
Spectrum,Similarity Network,90,3,8,0.5464782939392,501
Spectrum,Similarity Network,90,3,9,0.422966413023437,507
Spectrum,Similarity Network,90,3,10,0.521087548091658,506
Spectrum,Similarity Network,90,4,5,0.542140629572149,504
Spectrum,Similarity Network,90,4,6,0.535261234598877,503
Spectrum,Similarity Network,90,4,7,0.20723659095402,507
Spectrum,Similarity Network,90,4,8,0.826660432784304,503
Spectrum,Similarity Network,90,4,9,0.528700212171891,503
Spectrum,Similarity Network,90,4,10,0.417574615640532,510
Spectrum,Similarity Network,90,5,6,0.915071737242503,508
Spectrum,Similarity Network,90,5,7,0.382098079264717,504
Spectrum,Similarity Network,90,5,8,0.527830043607347,502
Spectrum,Similarity Network,90,5,9,0.903617326437931,504
Spectrum,Similarity Network,90,5,10,0.302378912041438,508
Spectrum,Similarity Network,90,6,7,0.38491657444378,510
Spectrum,Similarity Network,90,6,8,0.517874725940292,506
Spectrum,Similarity Network,90,6,9,0.885549610797151,506
Spectrum,Similarity Network,90,6,10,0.295391039300623,507
Spectrum,Similarity Network,90,7,8,0.196994164095787,513
Spectrum,Similarity Network,90,7,9,0.42953954734551,505
Spectrum,Similarity Network,90,7,10,0.0761006905423059,507
Spectrum,Similarity Network,90,8,9,0.515331809811394,512
Spectrum,Similarity Network,90,8,10,0.395404587785461,510
Spectrum,Similarity Network,90,9,10,0.274827147633513,506
ab-SNF,Similarity Network,90,1,2,0.935871281348636,504
ab-SNF,Similarity Network,90,1,3,0.971721639983132,502
ab-SNF,Similarity Network,90,1,4,0.972451149623541,509
ab-SNF,Similarity Network,90,1,5,0.981407563787261,510
ab-SNF,Similarity Network,90,1,6,0.971413550860043,501
ab-SNF,Similarity Network,90,1,7,0.971752794049445,503
ab-SNF,Similarity Network,90,1,8,0.962717670178608,504
ab-SNF,Similarity Network,90,1,9,0.952956284687168,500
ab-SNF,Similarity Network,90,1,10,0.980951246150079,501
ab-SNF,Similarity Network,90,2,3,0.954398658038293,504
ab-SNF,Similarity Network,90,2,4,0.981789523172412,502
ab-SNF,Similarity Network,90,2,5,0.97315928310325,507
ab-SNF,Similarity Network,90,2,6,0.945210168691099,503
ab-SNF,Similarity Network,90,2,7,0.955028476651037,509
ab-SNF,Similarity Network,90,2,8,0.954502232982991,506
ab-SNF,Similarity Network,90,2,9,0.955379520058599,509
ab-SNF,Similarity Network,90,2,10,0.936073729141035,503
ab-SNF,Similarity Network,90,3,4,0.981568216149437,502
ab-SNF,Similarity Network,90,3,5,0.972592363102329,506
ab-SNF,Similarity Network,90,3,6,0.963051491624589,508
ab-SNF,Similarity Network,90,3,7,0.98136919956618,504
ab-SNF,Similarity Network,90,3,8,0.981305948957481,501
ab-SNF,Similarity Network,90,3,9,0.972266414054872,507
ab-SNF,Similarity Network,90,3,10,0.972108465125848,506
ab-SNF,Similarity Network,90,4,5,0.972641942769499,504
ab-SNF,Similarity Network,90,4,6,0.972382083442267,503
ab-SNF,Similarity Network,90,4,7,0.981751233144158,507
ab-SNF,Similarity Network,90,4,8,0.990756946839157,503
ab-SNF,Similarity Network,90,4,9,0.981589480890403,503
ab-SNF,Similarity Network,90,4,10,0.963462787251312,510
ab-SNF,Similarity Network,90,5,6,0.981616714087009,508
ab-SNF,Similarity Network,90,5,7,0.972528781663427,504
ab-SNF,Similarity Network,90,5,8,0.97268563783942,502
ab-SNF,Similarity Network,90,5,9,0.963520512455332,504
ab-SNF,Similarity Network,90,5,10,0.981772087696246,508
ab-SNF,Similarity Network,90,6,7,0.99079085857041,510
ab-SNF,Similarity Network,90,6,8,0.990665854796921,506
ab-SNF,Similarity Network,90,6,9,0.981494350463399,506
ab-SNF,Similarity Network,90,6,10,0.990676262279674,507
ab-SNF,Similarity Network,90,7,8,0.990821648631173,513
ab-SNF,Similarity Network,90,7,9,0.990738518568022,505
ab-SNF,Similarity Network,90,7,10,0.990676262279674,507
ab-SNF,Similarity Network,90,8,9,1,512
ab-SNF,Similarity Network,90,8,10,0.981658417682732,510
ab-SNF,Similarity Network,90,9,10,0.972235367146873,506
