Sample.ID,TCGA-C8-A1HJ-01A,TCGA-BH-A6R9-01A,TCGA-AR-A2LR-01A,TCGA-BH-A1EW-01A,TCGA-AC-A2BK-01A,TCGA-D8-A1XK-01A,TCGA-AN-A0XN-01A,TCGA-EW-A6SB-01A,TCGA-C8-A27B-01A,TCGA-OL-A97C-01A,TCGA-BH-A1FC-01A,TCGA-E9-A1ND-01A,TCGA-E2-A573-01A,TCGA-LD-A66U-01A,TCGA-EW-A1OX-01A,TCGA-E2-A1L6-01A,TCGA-BH-A0HK-01A,TCGA-B6-A401-01A,TCGA-AR-A2LM-01A,TCGA-AO-A0JG-01A,TCGA-S3-AA17-01A,TCGA-BH-A1FN-01A,TCGA-B6-A1KC-01B,TCGA-LL-A6FP-01A,TCGA-D8-A1XZ-01A,TCGA-A2-A0SY-01A,TCGA-D8-A27V-01A,TCGA-LL-A5YP-01A,TCGA-LD-A74U-01A,TCGA-BH-A1ES-01A,TCGA-BH-A0HY-01A,TCGA-D8-A1JC-01A,TCGA-BH-A0AW-01A,TCGA-B6-A0RO-01A,TCGA-A2-A0SW-01A,TCGA-BH-A0HA-01A,TCGA-D8-A1XY-01A,TCGA-AR-A1AU-01A,TCGA-AC-A2FG-01A,TCGA-AR-A2LQ-01A,TCGA-BH-A1F8-01A,TCGA-A8-A075-01A,TCGA-D8-A1XL-01A,TCGA-LL-A73Z-01A,TCGA-OK-A5Q2-01A,TCGA-OL-A66N-01A,TCGA-D8-A1X5-01A,TCGA-BH-A0E1-01A,TCGA-AC-A5XU-01A,TCGA-V7-A7HQ-01A,TCGA-E9-A1NI-01A,TCGA-AR-A1AX-01A,TCGA-E9-A22H-01A,TCGA-LL-A8F5-01A,TCGA-A2-A1FZ-01A,TCGA-EW-A6S9-01A,TCGA-AR-A1AJ-01A,TCGA-E2-A1IJ-01A,TCGA-EW-A1J1-01A,TCGA-BH-A204-01A,TCGA-E9-A1RA-01A,TCGA-E9-A1R6-01A,TCGA-E9-A243-01A
TCGA-C8-A1HJ-01A,0,95512.1415998203,70528.0439338889,74908.3168752583,94614.2148419142,63223.7373590361,92370.532419226,81541.8620202001,53596.9939663834,99271.9411716774,79131.3829933841,72806.6705904429,52742.4743899791,77278.2121371561,135973.136483777,92262.6338832628,127432.985541094,76624.2337567466,72360.5793767473,84776.6318622312,92190.5453544438,89679.1817969377,124879.856001366,205684.998070821,107219.407065873,92214.1353310908,96222.5068354705,47576.1224892861,80685.4589177171,106549.970546471,112540.925206125,87943.3279959641,78339.4271680103,87387.867367714,99911.3149836304,97606.4558658085,105290.563413578,69458.4083482237,82690.1135528358,66090.2816753169,100468.149892134,90561.1382715534,77152.0198883984,86818.7216361113,73437.0581296297,90007.0964972128,94500.0202127883,100840.521613346,104519.289652061,82506.1624002536,99229.4495005731,66107.9076057667,81180.9721974877,71094.4475335843,78632.9886914315,85793.9966206903,69780.1263253649,67322.5248833405,118659.683904224,153147.187611576,70533.8752914506,118988.038685672,63476.8437860882
TCGA-BH-A6R9-01A,95512.1415998203,0,114058.544796824,70529.343169133,132395.309864295,78182.3960603765,67639.8842616482,50998.9581409039,86816.0069933377,82503.5259859371,83499.5294505521,65982.9695944448,54935.3570454249,47561.1821161806,145373.236900014,89324.5216908329,108024.033237183,54426.4141153358,75990.470426764,68726.9663434649,69957.446668886,101611.064787689,116385.540268782,188200.854465526,106474.541389675,77822.7124138447,104600.538571083,66967.1799224179,59516.5219253169,107573.503715117,102566.191623584,100069.53099369,71772.0676731184,78354.4303143349,89500.0378902146,94582.3638650058,100967.23894873,76376.0394033611,88600.7634476688,63843.5723596328,91395.8674181897,85823.7669479554,86481.0701341427,37036.0982853599,62390.5510008551,52645.3520920504,100527.728004547,91629.2765204224,98493.0713967102,81152.0384282965,99815.5446746736,49291.4634670904,78173.3955741715,67543.1496885741,68166.8078568202,75511.8474197435,65205.8881396985,57155.2470668038,128565.727804263,145660.841901168,72473.972519304,107672.433619216,66673.6184441659
TCGA-AR-A2LR-01A,70528.0439338889,114058.544796824,0,86522.4685390838,115755.123351677,75256.2977707721,103412.51522341,106150.291935413,76066.4520015968,105824.216367222,95364.1964749619,94498.0009630906,74457.622357344,93615.8185047364,157434.639396256,102733.34785469,143743.367511681,98962.6309057626,82069.2965706194,102989.409143757,110750.801317652,98744.5112720699,136567.937791644,232729.692413929,125165.822099447,105972.672351031,108118.584861329,56318.8844370509,87067.3765617221,114133.405554263,124258.913534691,106959.859477027,100090.282192174,102705.696012204,122416.694302003,109443.285452928,128691.573310714,76150.0716041334,93747.2731810812,63954.6739652665,115353.782409012,106985.87207404,94407.20753774,101134.105146382,81866.3875400209,106707.05599199,112872.738505299,116283.17130153,117602.375284287,93742.0995210401,119772.590481642,85086.2865584472,100561.202552608,92690.1731127569,87206.9704720705,93083.5958845294,88387.3314670041,82025.9226490081,140276.954647352,168911.330123767,86623.5440987443,135947.615221996,82765.7413783329
TCGA-BH-A1EW-01A,74908.3168752583,70529.343169133,86522.4685390838,7.27595761418343e-12,108980.750171398,60703.955883341,37243.6275150473,69795.5127890753,62198.5642894727,92651.6399906577,60733.769366395,51105.1507979466,49337.1259403605,32672.3834079539,96754.9837839792,54589.3414411545,72021.4528968498,37136.5677489756,33933.4830139774,37052.6225071739,42994.1682722268,73137.4489376566,79531.9641256016,154945.522573704,74662.851903995,30402.2211733348,58117.4851533909,53125.0500129224,38189.9935077885,51929.492866229,57236.6775122115,56124.6693489504,41397.7727907655,41047.6414751321,62215.6867243229,37783.0450841883,80659.553381077,36333.8320881042,47128.071483064,40037.604468811,57358.4160356847,68234.8636617479,37456.0423060926,61951.5437968592,30213.8820632767,37640.8081010189,51962.4091622355,55021.4652200048,54901.1287786362,39916.2712924343,47806.7295277179,28586.0778209793,34872.1832918746,59950.4801132665,30785.0113160403,41063.4695874919,39855.1579569542,30361.2773899697,94765.4864010974,101142.893819818,30469.8676817001,53366.6536934149,45777.6905952583
TCGA-AC-A2BK-01A,94614.2148419142,132395.309864295,115755.123351677,108980.750171398,5.82076609134674e-11,116976.583711744,122044.256299203,124492.689316322,89873.9475228828,146276.906884163,105515.633263864,103148.885662997,98493.224556808,109183.208839549,161968.653656483,128459.888993011,148409.165212119,101347.536960939,107938.528847713,115323.334039807,126339.978110152,139312.770917754,147693.63433981,206643.225752371,130222.726469874,121680.880483248,127911.961724324,95501.1822519782,116109.949687329,140504.722428783,137156.761890325,124836.696374818,107862.300089267,115985.806664113,128749.283589295,124640.634155122,136118.163691861,113012.275099545,111724.043778832,111154.0906629,133105.76757874,140051.297746973,103853.788200326,125391.168176243,111839.255412719,117064.098925945,122330.668335606,129367.322768165,126632.097230988,112980.650402024,123087.704425911,108691.118811598,112034.537369703,96193.4326269113,114995.106003271,113251.325170691,109724.913436302,105307.118855068,168849.174162541,177496.471469498,110067.137032833,141038.553003075,104345.712551652
TCGA-D8-A1XK-01A,63223.7373590361,78182.3960603765,75256.2977707721,60703.955883341,116976.583711744,0,73359.0294798315,68407.9691792769,51069.1576808862,100548.265003152,59232.6503165548,52539.9426650691,39564.7845760241,67750.4466933052,135344.76920845,87437.2101399335,121632.144348142,62361.1598374151,65478.9272494599,75735.1692637767,74534.0010362573,98457.9163018263,129586.21634319,227730.985734155,115436.194253117,78777.2424201635,101620.960617006,49280.2211678457,68322.2551773404,96714.7083159688,103421.877089095,97736.7829705652,75724.1268947131,82747.8323514124,103037.508351609,88135.4588172735,116017.091021301,66205.3688361989,83667.6120022,56387.4052392519,101685.632149109,94812.2328009093,68157.0363228643,75570.241413836,56479.8045281405,77251.4048155591,96394.956142109,89474.8564138886,103049.895648198,81182.7929131977,99100.82326579,47208.896964621,75688.0313516885,64336.5299173898,64811.5304146156,80362.2729213751,47064.5504999179,54528.5928440048,129148.080991777,162457.324611169,55751.3260494362,108965.614700481,51393.4092722755
TCGA-AN-A0XN-01A,92370.532419226,67639.8842616482,103412.51522341,37243.6275150473,122044.256299203,73359.0294798315,0,80148.4661271962,79374.6102355654,104208.700759662,67040.2646389258,65967.9353531402,66279.0543903764,42262.0575491696,100163.582798222,70883.8627169581,70278.0410804704,46815.2422211651,49132.4778332655,47256.0957938376,47105.1194868602,91815.8760458046,92455.9533311887,166314.406860263,92833.2579888987,37610.8924286233,77267.8556097847,72606.3100786716,47099.6385490826,62323.7448997037,52268.6844467064,79026.0654208208,56209.6588854952,52827.0086024629,77920.7903782076,53488.0387190391,99287.43184572,52668.2281306145,65069.7724683479,51535.644435952,65035.4433768633,90376.3990791602,57930.5444657353,62634.065986602,44971.8336653079,40945.3126935591,64128.1778915968,60701.4563722643,65253.3262092924,54712.7567055059,58877.2777211037,47592.5008381312,51652.9460428899,67830.8400882414,42632.2901631889,55573.0977933087,62436.6014703882,43793.3444582476,117197.187837371,111430.93088372,49037.6344618835,60270.5144971019,72562.983277276
TCGA-EW-A6SB-01A,81541.8620202001,50998.9581409039,106150.291935413,69795.5127890753,124492.689316322,68407.9691792769,80148.4661271962,0,68784.2853810475,86484.8213883008,63239.8542972539,52261.3496839336,39570.7345782796,55465.3328830153,148586.43275848,93042.1229636656,101499.36789253,54838.7708802003,81305.7946990154,71851.8889588332,53421.5757358698,91325.0062640334,114772.217354777,173399.370880754,85455.9266408042,82690.3470592426,101248.093369368,54804.6132566621,61988.2136199482,120010.2559648,107823.218501493,98465.5334558435,63108.7627613411,89899.0328813177,61244.2808700123,104963.159924529,99333.4957491598,84481.5049807813,91902.3410321178,72308.9604737754,81874.0347066921,68801.2859032696,78364.8375770599,56509.5068829071,56995.7292911255,62946.852242145,93652.6269182262,104121.394855207,91841.6335027265,82932.3792762102,106235.67561627,42445.4052787699,75100.6420657997,55878.4974661299,74820.8072246456,75601.8960054778,51078.9242419519,58223.5257056615,114192.543482616,138943.017908038,68378.4170025639,116501.819497876,46249.1154710492
TCGA-C8-A27B-01A,53596.9939663834,86816.0069933377,76066.4520015968,62198.5642894727,89873.9475228828,51069.1576808862,79374.6102355654,68784.2853810475,4.36557456851006e-11,100225.935083509,62435.638959486,54449.7928309508,42639.8247298014,67675.9968490732,132047.957069132,84484.5970853341,115649.721862257,60960.006044757,64914.2279392188,73055.7096455876,76498.3350066062,96507.3300024096,117748.548301727,199343.236490042,97509.0118900291,79377.8707359008,86100.9978479358,45214.7639189525,69943.1719661418,97528.4222891909,106485.864299433,85682.7473945987,71482.4929574559,80262.2233138922,87519.3392275748,85073.4917780676,101656.504286696,66202.6622652925,71885.1737377297,59772.0844594564,92954.0454462065,89083.8481356728,63345.9033343802,82112.0977681906,59322.4986140909,79295.1995574063,82141.2079823188,89674.8183129703,93728.5125938424,75000.6199239728,87171.6706188346,51215.2543338596,70314.080718075,58515.7126177347,64482.0071809423,76656.3215916874,50412.2136975749,56418.50023676,118801.403325178,146622.903094011,53979.4062267447,101434.966915264,44324.1111476226
TCGA-OL-A97C-01A,99271.9411716774,82503.5259859371,105824.216367222,92651.6399906577,146276.906884163,100548.265003152,104208.700759662,86484.8213883008,100225.935083509,0,116213.297675274,103363.402792208,76921.6455391122,79380.7383588803,165359.188413033,96031.7503484195,130450.261610797,91636.3199538949,90151.0396118383,98437.5801601719,102010.391010869,80051.1162288834,124768.018667479,200145.678798276,104252.456608241,106412.040393713,111250.47460285,67010.2307544061,65435.5178761125,121372.752726531,124891.878597911,104947.788491934,97129.3703597932,103780.956858302,96847.3370549899,119873.653168246,105090.216940563,79321.5216437444,94656.4414719822,70895.0110779128,97073.0011517136,74305.919296564,106366.323899244,80578.8513156469,84777.2277783349,89926.6103340086,110988.044186329,121554.051615876,108250.811264945,86476.5668002054,121952.030981603,84127.042723428,93264.7969637373,88211.2953144555,84704.5395868287,80707.2191522596,95190.8516904892,81483.1556360551,111180.630123326,154749.750233606,95082.4862660954,141735.035142982,87238.081430166
TCGA-BH-A1FC-01A,79131.3829933841,83499.5294505521,95364.1964749619,60733.769366395,105515.633263864,59232.6503165548,67040.2646389258,63239.8542972539,62435.638959486,116213.297675274,0,51475.9022541111,52870.918189424,65399.1027703226,137660.32883569,89890.4118570361,106100.186776444,58956.3764271146,71115.9789609452,71651.8267777366,67715.6183446631,111921.254212893,120197.806454123,198437.969044162,109245.46227691,73325.1015933833,94994.2547059143,65699.7602679846,66943.4316747638,101574.094844101,96352.4417885274,98265.3895601187,72113.5355558877,85772.3255321048,88357.2271380756,84373.5179864734,114654.895198869,79824.7423327082,80361.4241419968,63559.095529467,99824.8393653,106223.34427541,70063.8129538909,78330.7741947182,55641.317191053,71355.3790995654,93125.7546390094,92934.3540611937,90824.5656792645,82613.5375143713,94023.0957956193,52753.9395061583,73331.5316444776,56087.8335545392,65059.9787014142,80781.4919605977,49796.5104056092,58388.5126001349,139621.910970471,141687.994856028,59585.8865729684,95239.7319522651,56977.4053405095
TCGA-E9-A1ND-01A,72806.6705904429,65982.9695944448,94498.0009630906,51105.1507979466,103148.885662997,52539.9426650691,65967.9353531402,52261.3496839336,54449.7928309508,103363.402792208,51475.9022541111,4.36557456851006e-11,35041.3696717922,52029.6294076878,126922.328890547,77896.404960677,100612.749247067,40138.6222675061,54921.1349756051,60043.4868720403,53128.72869709,95050.9571355486,109833.905032114,179092.799397685,84625.3678515767,65580.0724796515,80249.4169790904,50483.5888402236,58223.8084349732,94013.4656725569,99229.3741688581,81815.5578757722,58336.6387238058,72976.5787622748,73058.0158923362,76642.3357744723,91913.3430454291,68955.2918342713,69580.470393634,51582.0499626736,82089.3254709988,84719.5155548143,57607.3147139418,72545.6604279836,39400.0858245736,62846.6962467625,79775.0936177191,88833.3264767507,77842.3025497752,65332.361726719,73610.2593456383,35510.385017584,56618.0930075181,51057.0822151147,55359.6340952707,63902.6600219039,40465.2998075319,37764.2001063885,116435.717767442,127526.778326395,45867.9383849211,83751.3810704561,36129.0312961095
TCGA-E2-A573-01A,52742.4743899791,54935.3570454249,74457.622357344,49337.1259403605,98493.224556808,39564.7845760241,66279.0543903764,39570.7345782796,42639.8247298014,76921.6455391122,52870.918189424,35041.3696717922,1.45519152283669e-11,45100.009369025,125805.758552814,72432.8423335486,102800.977686761,38331.59841496,54148.3826047836,57444.5083525902,53292.6243774753,79320.9948220874,105896.633627038,186126.505922547,85289.695543969,65379.4921189667,81245.0680523502,32839.48066153,48211.6002788215,91041.7885401396,92708.7159748195,76302.7523528938,51617.0930767094,66022.8661351991,70499.5497745591,76495.5144495194,87240.1856818453,57672.1804125616,66279.174786375,47798.5420896157,80470.2176878284,66230.841675494,55281.1018816786,54122.2384673251,37968.0857094723,56751.1430420317,77696.9351650794,82768.4353401308,79414.790096934,62012.6415089653,79354.1843990015,29565.7993792833,56303.6511778194,43742.0448858349,51485.7961908014,60995.3905520191,32023.198361901,38573.1743727407,105094.519942912,131252.024902498,44628.7494341213,93283.8754181591,29876.4810117161
TCGA-LD-A66U-01A,77278.2121371561,47561.1821161806,93615.8185047364,32672.3834079539,109183.208839549,67750.4466933052,42262.0575491696,55465.3328830153,67675.9968490732,79380.7383588803,65399.1027703226,52029.6294076878,45100.009369025,1.81898940354586e-11,95488.8648752672,52108.7525471307,68701.3745084573,27613.2400679892,32036.083335058,34574.6630815127,39713.9975870878,73413.1063154241,76148.2685977376,129137.384842654,71946.2127729597,34424.7476125062,57961.0102424758,55470.7625598156,32731.4458167698,63364.9189130861,61964.0830350847,59386.801185531,39229.3491643556,36661.3783425345,58527.0439449188,45405.8779578209,73199.9917342185,40258.1984140982,44541.3228727627,41778.9760496529,58376.5091415324,63168.0277300047,44224.2251388489,39374.5104666266,33628.6577947487,25054.5339978331,58788.3198096424,52631.7981427435,53399.9021893013,36770.4621014398,47137.303177861,31154.3616703214,30436.940442666,53897.4870492561,33890.2882450787,37629.8056431699,51918.7016139261,27960.682571616,87286.1801199648,95934.0949739007,37122.7170213445,58082.0366945602,51343.6127080671
TCGA-EW-A1OX-01A,135973.136483777,145373.236900014,157434.639396256,96754.9837839792,161968.653656483,135344.76920845,100163.582798222,148586.43275848,132047.957069132,165359.188413033,137660.32883569,126922.328890547,125805.758552814,95488.8648752672,0,118220.594481239,113424.666480828,102578.727608489,93244.2338286301,82143.1906844623,96231.3882050091,139640.501203044,107115.268132995,182022.613857376,131529.10860717,89234.3620470576,112864.431940823,128974.248863429,111045.476689205,93964.1826809018,100205.160938177,109455.185393764,102396.145136302,92426.0406213225,128086.955416922,91405.884861078,139327.241867716,92472.2696944866,107862.548633649,113744.977457659,107563.175917597,141272.341751474,101682.595168871,134108.20001289,101696.510993845,106224.70757196,94126.8648593713,109095.996516993,94682.4044217484,95968.3595660249,92384.7422902911,110628.307244514,84400.4208810386,126153.531930978,100795.357616472,92669.7392963862,135438.577976863,91277.0911085718,127265.291511888,116372.239670074,102245.988208876,96524.1962726163,132035.435869905
TCGA-E2-A1L6-01A,92262.6338832628,89324.5216908329,102733.34785469,54589.3414411545,128459.888993011,87437.2101399335,70883.8627169581,93042.1229636656,84484.5970853341,96031.7503484195,89890.4118570361,77896.404960677,72432.8423335486,52108.7525471307,118220.594481239,0,94042.467506056,61017.8179447121,50762.3032182907,62676.8445031878,74027.5178679935,83841.972241621,96415.5574045968,161642.916476665,91670.8305065365,61878.2034985186,70388.8921077224,69512.1223834371,53495.5041466803,80721.644879661,88825.8693010529,74525.7826436905,70185.0853968405,63004.4465701468,83672.0561140727,64938.1910229865,89219.0022842823,55548.0856882279,56429.268710958,54062.8788165283,80446.0853524231,81221.3303379586,68763.2855840358,78855.2742640619,57630.793201649,65270.7477740389,75466.2413685857,76449.8245782897,76689.8803018232,54324.7787504838,67740.4571753244,60196.0104017484,51553.1551269328,81086.6206311252,51967.6434340728,58075.6714634546,74397.9926243614,51171.4442815456,98174.8109713547,116529.960647785,56958.9346653674,82986.383930556,70526.590509819
TCGA-BH-A0HK-01A,127432.985541094,108024.033237183,143743.367511681,72021.4528968498,148409.165212119,121632.144348142,70278.0410804704,101499.36789253,115649.721862257,130450.261610797,106100.186776444,100612.749247067,102800.977686761,68701.3745084573,113424.666480828,94042.467506056,5.82076609134674e-11,77814.7622726716,74586.6514608947,70856.2913676625,63485.2349305442,105023.25277229,104794.308765398,147235.496997039,101012.948880703,62909.4236696827,88676.8584249233,103769.216627779,70900.2029262386,93170.5100293369,75039.9508465924,103104.939298009,78839.1932412199,82822.6569702835,82545.2433699459,82917.9102070117,113669.575800926,81524.3489900647,77649.0562900598,90828.3786905815,81867.275839379,101512.155465555,83897.4162584899,100047.32169534,72967.1676083873,69412.6756625216,81907.2461970651,81845.6773685787,74561.881610842,76362.296229206,82652.8415655895,82328.2882858536,67311.7221022599,100261.257842126,73203.7832086731,72786.4346414981,103755.994112635,72669.6824702104,120302.742636829,117058.829728246,80453.6144228405,88784.6710625592,106335.434297836
TCGA-B6-A401-01A,76624.2337567466,54426.4141153358,98962.6309057626,37136.5677489756,101347.536960939,62361.1598374151,46815.2422211651,54838.7708802003,60960.006044757,91636.3199538949,58956.3764271146,40138.6222675061,38331.59841496,27613.2400679892,102578.727608489,61017.8179447121,77814.7622726716,7.27595761418343e-12,40961.4642639978,40626.2190157455,40837.0099889525,88052.0093752759,87111.9976454676,144012.428478172,74194.2061496154,43533.3471276046,63154.8659063789,55721.4282585493,41346.2022091075,72525.6840624061,72879.9158086021,66519.8916603612,43730.8862031195,47586.2216852956,60290.5944153062,55192.1641534714,75090.7937039516,53136.5698947244,49380.5453724768,46434.0652825822,68979.123984644,74865.5968073332,47399.8125897809,53931.5535562881,32849.4098827077,37914.2546450282,60778.67017489,66053.7421827563,58974.3847091065,46154.6963522484,48696.234481199,30033.2972501073,38205.8331296615,51242.3039257051,39657.4120301079,48704.8247063912,43726.7140062202,29279.1062906607,102654.051095136,105216.524633908,36256.4748888562,63046.9438991203,41738.7165348647
TCGA-AR-A2LM-01A,72360.5793767473,75990.470426764,82069.2965706194,33933.4830139774,107938.528847713,65478.9272494599,49132.4778332655,81305.7946990154,64914.2279392188,90151.0396118383,71115.9789609452,54921.1349756051,54148.3826047836,32036.083335058,93244.2338286301,50762.3032182907,74586.6514608947,40961.4642639978,0,43474.3971265731,49788.6677638641,65471.8644373156,83493.2660030789,150043.944024989,74543.4754033736,36303.3122730554,49213.5094744943,51418.4583657265,41573.5309149436,53875.7995220698,67093.6925912521,56210.5047539255,49754.9650030645,46309.2853572744,72212.8837708723,42698.9362157064,73172.5164687726,31515.9255863641,36238.8564129197,31062.6342672393,63558.8143155735,69466.0492791289,37115.4526601044,67920.4266956634,30853.0933003523,47894.4525654084,57668.050141569,55217.8739153772,56227.4059776168,30395.1913209689,44711.9099107168,38349.4846268185,30458.585908486,66833.6234574482,32250.0498703553,36917.5287866522,60606.1956480056,24656.1062988758,83306.5609662396,102794.862033983,29368.7521653758,57085.5038181675,54208.4689482033
TCGA-AO-A0JG-01A,84776.6318622312,68726.9663434649,102989.409143757,37052.6225071739,115323.334039807,75735.1692637767,47256.0957938376,71851.8889588332,73055.7096455876,98437.5801601719,71651.8267777366,60043.4868720403,57444.5083525902,34574.6630815127,82143.1906844623,62676.8445031878,70856.2913676625,40626.2190157455,43474.3971265731,0,45062.305027145,87152.4206504915,80064.9731966895,145733.749255284,79472.5523682081,36800.6124732016,63771.248274451,66325.371767378,45445.9556645595,57820.2103965389,61974.7064445367,65490.6802955879,45978.87344842,44834.9025014028,60969.9934593037,43242.5928227994,85291.2996547646,45257.0786984545,53306.9322378937,52515.8226132275,60358.1816135295,75503.2958490286,51774.7405592998,64324.138169843,41045.9369243181,44398.5383347396,56156.4393335842,58234.3802300745,56798.206209095,45835.727098503,53010.29206475,38072.3331815326,37895.3157696938,65227.3186048554,40443.7626302444,44538.3078546283,54752.0021569104,36078.9810403681,89192.7756895136,94762.2665779684,43450.4296680915,56010.8261113654,57926.6510058182
TCGA-S3-AA17-01A,92190.5453544438,69957.446668886,110750.801317652,42994.1682722268,126339.978110152,74534.0010362573,47105.1194868602,53421.5757358698,76498.3350066062,102010.391010869,67715.6183446631,53128.72869709,53292.6243774753,39713.9975870878,96231.3882050091,74027.5178679935,63485.2349305442,40837.0099889525,49788.6677638641,45062.305027145,0,87868.6608637486,85986.9607626531,148743.012078682,75867.565528536,44466.8089008815,74618.688800317,68322.7144310535,50501.1305113349,78401.9492320368,66376.3621294801,77722.5348969917,48467.0913124341,62994.7751088302,58233.2813995305,64742.341456261,89921.1619768205,59533.1087068065,67945.4652616312,58629.6043171133,58173.4581075793,78351.8591640092,49140.6328090379,69182.2772923065,35185.0710540827,46157.1988730844,60580.4189755855,72402.5638978024,59227.1886458694,55440.5033418642,64219.745912176,36523.4994212272,45682.9621091922,65471.3373244837,47703.3730220525,53591.8707158624,58962.5253574585,38442.975705846,99719.0613594577,102777.476992839,44381.1269679407,66093.1860410143,56152.2924928897
TCGA-BH-A1FN-01A,89679.1817969377,101611.064787689,98744.5112720699,73137.4489376566,139312.770917754,98457.9163018263,91815.8760458046,91325.0062640334,96507.3300024096,80051.1162288834,111921.254212893,95050.9571355486,79320.9948220874,73413.1063154241,139640.501203044,83841.972241621,105023.25277229,88052.0093752759,65471.8644373156,87152.4206504915,87868.6608637486,4.36557456851006e-11,98273.6429906551,155628.134510757,69816.1555803142,89019.680795865,81766.5138410421,63320.3823687061,63373.9307317198,100238.877043567,98670.7259115508,66535.236967252,81131.370306711,80916.3343714782,78526.0434959161,93852.4581232379,74999.5913558172,56426.1687855677,72600.5327048892,72181.6835982199,65450.1946365306,45917.1277678673,72868.7171814363,88500.6960835501,78901.6515746191,84937.0517479398,80794.8524653062,97455.1069781063,84858.4386997223,58262.8224226661,85483.0710337202,77759.8662693968,66121.0635282879,91658.0973323959,70041.5389178886,61510.7810144191,99822.8031125407,68622.6738687812,74951.9841918726,123659.986635962,78936.2019759825,113348.052090206,87086.2208889399
TCGA-B6-A1KC-01B,124879.856001366,116385.540268782,136567.937791644,79531.9641256016,147693.63433981,129586.21634319,92455.9533311887,114772.217354777,117748.548301727,124768.018667479,120197.806454123,109833.905032114,105896.633627038,76148.2685977376,107115.268132995,96415.5574045968,104794.308765398,87111.9976454676,83493.2660030789,80064.9731966895,85986.9607626531,98273.6429906551,0,142720.411549746,92716.1037555218,83015.4757819605,91827.702276294,103732.286223131,79596.6056652877,93947.6967135056,99371.1725045856,79365.2897379596,85154.716999504,78646.7204746302,94799.0063771422,86751.8115123148,100844.226528149,81442.1681084828,86306.2138788633,96180.0882980349,79672.9209875858,97036.2910174581,86296.5698228573,103425.624159969,88938.9437228771,81734.0920446729,85182.39989568,107072.836848619,77894.3037452019,73596.4364778261,81911.5629699377,94455.0819872642,70682.0203736541,104373.146171909,82539.9793076949,76167.754719591,112330.536322238,83242.1022524794,109261.967004285,84169.6157600426,91054.5821275024,84892.2449378497,104715.086191236
TCGA-LL-A6FP-01A,205684.998070821,188200.854465526,232729.692413929,154945.522573704,206643.225752371,227730.985734155,166314.406860263,173399.370880754,199343.236490042,200145.678798276,198437.969044162,179092.799397685,186126.505922547,129137.384842654,182022.613857376,161642.916476665,147235.496997039,144012.428478172,150043.944024989,145733.749255284,148743.012078682,155628.134510757,142720.411549746,2.91038304567337e-11,117525.525107417,150325.471376686,116236.452833625,185185.551701485,143264.992458897,179990.216668034,165086.919150872,126583.690603081,140594.565114526,137276.873194447,117585.019401925,151628.850125562,112165.903417662,161326.710065635,128821.211990805,181100.592281922,131988.165396644,143506.87797318,159124.168317535,174524.295417461,165036.496644149,138255.438493191,137245.623370566,165829.012871982,124879.453557715,128132.872553583,121738.863553383,171421.409167243,121446.007797547,170719.646632092,155776.158346553,131326.622352473,199675.513861359,148376.276452958,145601.704002034,121696.380040155,168124.249408605,146505.373011475,180537.019816621
TCGA-D8-A1XZ-01A,107219.407065873,106474.541389675,125165.822099447,74662.851903995,130222.726469874,115436.194253117,92833.2579888987,85455.9266408042,97509.0118900291,104252.456608241,109245.46227691,84625.3678515767,85289.695543969,71946.2127729597,131529.10860717,91670.8305065365,101012.948880703,74194.2061496154,74543.4754033736,79472.5523682081,75867.565528536,69816.1555803142,92716.1037555218,117525.525107417,2.91038304567337e-11,84199.2538151836,73512.3990010843,81855.9903407729,69785.9430670655,105295.152607225,106549.399475563,71049.2525216522,74658.6364675203,84891.7482855819,58859.1059222097,93254.7120455548,65481.3710495821,72814.5362060738,73960.8849194391,85455.5181722164,62173.4959003071,62799.8326298882,70821.348866089,100152.105443496,74762.2799014708,81228.5773127452,76886.731382066,105513.219972762,67413.1703646814,62595.7570133915,78067.6912134034,74193.5702693369,66123.6954720875,91558.7408106326,80137.5410640768,63655.2870863313,97858.0860572085,67954.8632255759,89184.9022218365,98060.6657812324,79277.3156977182,94355.3211912926,80768.8630909277
TCGA-A2-A0SY-01A,92214.1353310908,77822.7124138447,105972.672351031,30402.2211733348,121680.880483248,78777.2424201635,37610.8924286233,82690.3470592426,79377.8707359008,106412.040393713,73325.1015933833,65580.0724796515,65379.4921189667,34424.7476125062,89234.3620470576,61878.2034985186,62909.4236696827,43533.3471276046,36303.3122730554,36800.6124732016,44466.8089008815,89019.680795865,83015.4757819605,150325.471376686,84199.2538151836,0,65232.4069281347,73850.3465339189,43625.6835848503,49741.6941248162,52034.4778220371,71092.2861420562,44940.1459610347,43200.1256379903,69619.2356093317,37330.0483526232,95551.7548929787,45876.2761010442,53825.0738299782,53766.0752151878,62982.0555091195,82633.063992441,46501.4805823424,67992.7362989145,38034.9853734814,38638.5088633211,59343.8871505439,52327.7266271702,55093.0356872661,43508.5957301158,50309.3199559557,41086.0032787153,36416.7196899561,71605.7262320474,37770.7676474701,43426.8979492546,59836.8706553986,37278.9901952116,98764.4219387305,98886.3089744761,40007.8588996727,51919.8471219532,67118.0992397122
TCGA-D8-A27V-01A,96222.5068354705,104600.538571083,108118.584861329,58117.4851533909,127911.961724324,101620.960617006,77267.8556097847,101248.093369368,86100.9978479358,111250.47460285,94994.2547059143,80249.4169790904,81245.0680523502,57961.0102424758,112864.431940823,70388.8921077224,88676.8584249233,63154.8659063789,49213.5094744943,63771.248274451,74618.688800317,81766.5138410421,91827.702276294,116236.452833625,73512.3990010843,65232.4069281347,1.45519152283669e-11,73779.2230286277,58440.882091949,85024.2143690574,92266.3595178911,58414.3835196936,69814.7974922219,67891.4973940126,66219.9792503631,65856.0445020233,61143.2341553006,59769.1517766045,39467.3463356872,57650.4560835103,77655.9282999094,77935.6719690802,69570.9502838431,97935.7313644961,57200.1581574475,75329.142904802,64119.9019468271,84597.1890280702,63154.0894138207,53763.2294224482,53252.1319862368,67714.9508615454,47859.7356554019,83359.4652024621,54720.2410222231,56877.6909987376,82419.3402631557,50379.528579174,87509.1803684151,88630.4883996982,56006.1083927015,67654.2894233259,67902.4830660448
TCGA-LL-A5YP-01A,47576.1224892861,66967.1799224179,56318.8844370509,53125.0500129224,95501.1822519782,49280.2211678457,72606.3100786716,54804.6132566621,45214.7639189525,67010.2307544061,65699.7602679846,50483.5888402236,32839.48066153,55470.7625598156,128974.248863429,69512.1223834371,103769.216627779,55721.4282585493,51418.4583657265,66325.371767378,68322.7144310535,63320.3823687061,103732.286223131,185185.551701485,81855.9903407729,73850.3465339189,73779.2230286277,2.91038304567337e-11,45931.4815624478,89564.0651529189,96423.0092656441,71366.3102599603,62883.1324425247,73425.6121484916,73284.9488682162,82945.879108411,82136.1819620432,49509.5364265477,61751.25720227,36738.1564259811,75163.5396099089,59495.1896905838,64505.3252620483,64933.0482871026,43212.0605743197,67692.5900535782,74477.4974341476,89052.3697935453,79450.652304829,56384.2072177771,82470.6411702409,45105.5813410293,61820.5221485899,54373.3782786301,51734.2746342107,55673.7996804758,48793.4256249802,44365.4416046715,98713.70527112,129080.916441491,51365.6645079936,100357.729148503,39102.97252449
TCGA-LD-A74U-01A,80685.4589177171,59516.5219253169,87067.3765617221,38189.9935077885,116109.949687329,68322.2551773404,47099.6385490826,61988.2136199482,69943.1719661418,65435.5178761125,66943.4316747638,58223.8084349732,48211.6002788215,32731.4458167698,111045.476689205,53495.5041466803,70900.2029262386,41346.2022091075,41573.5309149436,45445.9556645595,50501.1305113349,63373.9307317198,79596.6056652877,143264.992458897,69785.9430670655,43625.6835848503,58440.882091949,45931.4815624478,7.27595761418343e-12,66369.1031079006,63853.258788527,63894.3891954758,48069.6459442938,49396.6022129545,51626.9900762819,56278.7519962858,75173.0573936552,42193.7227445545,45792.3961183276,37074.686979502,58507.2908890123,53957.3923109751,58940.069428017,46611.5262585861,35560.0304379339,37536.6796971534,60807.2613063431,68759.6561958645,52197.8638479445,39530.9494336496,60947.6309674035,41067.8275432657,39509.2309411474,53901.0157885945,35055.5726710538,36757.6990952817,52880.4091134453,35615.1498581231,86754.3205286422,95948.4760479272,45849.7473692581,72457.3187888335,52568.7009443506
TCGA-BH-A1ES-01A,106549.970546471,107573.503715117,114133.405554263,51929.492866229,140504.722428783,96714.7083159688,62323.7448997037,120010.2559648,97528.4222891909,121372.752726531,101574.094844101,94013.4656725569,91041.7885401396,63364.9189130861,93964.1826809018,80721.644879661,93170.5100293369,72525.6840624061,53875.7995220698,57820.2103965389,78401.9492320368,100238.877043567,93947.6967135056,179990.216668034,105295.152607225,49741.6941248162,85024.2143690574,89564.0651529189,66369.1031079006,0,78220.8083597269,84725.0060453495,71085.6841603343,62217.0069450904,99865.7512881644,46195.7956596439,116445.33882129,51217.8880687763,72982.089028172,72592.246468361,80886.7511089107,100579.106098986,68472.2155928275,94182.3906974909,64007.7022715084,69183.3484114296,81779.5887948645,70248.9073153428,68819.9586032703,54569.0782192506,68017.3759282779,69396.5020683112,58161.5939781807,97485.4533822052,58371.3670968492,54827.9189763413,86499.2463165554,62480.1681050886,102848.78969628,107390.967160028,61011.1382349817,62847.8352296171,93830.5477036907
TCGA-BH-A0HY-01A,112540.925206125,102566.191623584,124258.913534691,57236.6775122115,137156.761890325,103421.877089095,52268.6844467064,107823.218501493,106485.864299433,124891.878597911,96352.4417885274,99229.3741688581,92708.7159748195,61964.0830350847,100205.160938177,88825.8693010529,75039.9508465924,72879.9158086021,67093.6925912521,61974.7064445367,66376.3621294801,98670.7259115508,99371.1725045856,165086.919150872,106549.399475563,52034.4778220371,92266.3595178911,96423.0092656441,63853.258788527,78220.8083597269,0,89566.9874831925,62361.0894206752,63672.3462227875,88235.5247657639,68281.7004762903,114304.079057753,65143.5280072928,78121.2725550328,82163.8331092337,78863.0547778558,100467.95973807,71553.3546903319,83844.3174983335,71368.2445594392,59723.9537670427,75378.1395121804,74621.1131516461,73864.9295212148,68501.7521414644,74997.655864296,75443.1424282153,65254.7731659798,92449.6275417857,66057.0838231089,67696.5459262346,94684.5804530866,68711.4086789184,123732.934561218,117668.580766198,74251.3467571584,81648.079044355,105132.027241311
TCGA-D8-A1JC-01A,87943.3279959641,100069.53099369,106959.859477027,56124.6693489504,124836.696374818,97736.7829705652,79026.0654208208,98465.5334558435,85682.7473945987,104947.788491934,98265.3895601187,81815.5578757722,76302.7523528938,59386.801185531,109455.185393764,74525.7826436905,103104.939298009,66519.8916603612,56210.5047539255,65490.6802955879,77722.5348969917,66535.236967252,79365.2897379596,126583.690603081,71049.2525216522,71092.2861420562,58414.3835196936,71366.3102599603,63894.3891954758,84725.0060453495,89566.9874831925,0,64495.7175247055,59314.7167010829,73068.382043066,69076.1059443027,57703.9957189047,53212.2926019385,57186.2748665666,65413.0607278811,60031.2452167381,65182.0005105637,62950.6410440542,90442.8295916535,65752.921627391,72005.7201505605,56383.8835883723,89728.9666049023,71169.9778836785,50463.8102588983,53781.2539230118,65711.4499824548,49084.2174600935,82773.4479573067,59686.7438535779,59419.7481808681,82073.9188763693,55435.2178220281,77825.3182696833,84881.3171615699,62711.7943667108,76019.4823215457,71367.0836437027
TCGA-BH-A0AW-01A,78339.4271680103,71772.0676731184,100090.282192174,41397.7727907655,107862.300089267,75724.1268947131,56209.6588854952,63108.7627613411,71482.4929574559,97129.3703597932,72113.5355558877,58336.6387238058,51617.0930767094,39229.3491643556,102396.145136302,70185.0853968405,78839.1932412199,43730.8862031195,49754.9650030645,45978.87344842,48467.0913124341,81131.370306711,85154.716999504,140594.565114526,74658.6364675203,44940.1459610347,69814.7974922219,62883.1324425247,48069.6459442938,71085.6841603343,62361.0894206752,64495.7175247055,0,48466.8263546254,53499.0947870048,54747.7334199683,84903.3890796165,55281.7733270062,60405.0943814357,60470.5925999102,61383.5830526267,66107.7806813235,49402.9489182825,57605.5423535576,45196.7900367722,46102.4504482515,64239.7425370637,70141.755902667,60944.5186690347,51490.8280960758,62031.2050690569,39384.6892628823,45435.4784243764,62565.519424081,51684.4132465888,49242.1680719823,54341.7379697536,43467.9627658371,94742.0620369922,102296.360271265,48126.4736849039,74058.6458608719,56540.9920873532
TCGA-B6-A0RO-01A,87387.867367714,78354.4303143349,102705.696012204,41047.6414751321,115985.806664113,82747.8323514124,52827.0086024629,89899.0328813177,80262.2233138922,103780.956858302,85772.3255321048,72976.5787622748,66022.8661351991,36661.3783425345,92426.0406213225,63004.4465701468,82822.6569702835,47586.2216852956,46309.2853572744,44834.9025014028,62994.7751088302,80916.3343714782,78646.7204746302,137276.873194447,84891.7482855819,43200.1256379903,67891.4973940126,73425.6121484916,49396.6022129545,62217.0069450904,63672.3462227875,59314.7167010829,48466.8263546254,7.27595761418343e-12,76359.780747013,43262.0861404109,86233.4919582819,46163.3166918264,53451.0352879011,59150.6990254841,65347.2663480166,74427.914994241,54265.4069094738,61873.5696819888,55315.483007507,45014.6855899356,62370.1307282554,55522.6967195174,61760.6615851962,43278.051767127,45987.9224275937,51253.1688631994,39204.5927985325,73809.7423462788,44094.0141446095,50356.3638717276,68453.9222199296,44822.4106656846,92878.0396908349,100510.809121006,51638.8163263984,65393.7902772229,73182.5098173463
TCGA-A2-A0SW-01A,99911.3149836304,89500.0378902146,122416.694302003,62215.6867243229,128749.283589295,103037.508351609,77920.7903782076,61244.2808700123,87519.3392275748,96847.3370549899,88357.2271380756,73058.0158923362,70499.5497745591,58527.0439449188,128086.955416922,83672.0561140727,82545.2433699459,60290.5944153062,72212.8837708723,60969.9934593037,58233.2813995305,78526.0434959161,94799.0063771422,117585.019401925,58859.1059222097,69619.2356093317,66219.9792503631,73284.9488682162,51626.9900762819,99865.7512881644,88235.5247657639,73068.382043066,53499.0947870048,76359.780747013,0,84020.5615285209,72012.0999527495,73789.9369889853,68643.5744304702,76389.9852831607,63220.5362032419,58263.4959105991,74985.6706117352,82519.9168276284,61447.0033071967,67956.6589221669,67089.0422182243,98610.4304347599,64485.260059136,65658.3099878179,77669.1407194548,57893.5780204763,58418.4618875738,70987.4987859512,68006.0900133015,60889.8302945182,71257.7543326818,58584.4956710689,88947.8548250647,96805.5155711746,68501.6512989694,91965.3477615208,63776.83677954
TCGA-BH-A0HA-01A,97606.4558658085,94582.3638650058,109443.285452928,37783.0450841883,124640.634155122,88135.4588172735,53488.0387190391,104963.159924529,85073.4917780676,119873.653168246,84373.5179864734,76642.3357744723,76495.5144495194,45405.8779578209,91405.884861078,64938.1910229865,82917.9102070117,55192.1641534714,42698.9362157064,43242.5928227994,64742.341456261,93852.4581232379,86751.8115123148,151628.850125562,93254.7120455548,37330.0483526232,65856.0445020233,82945.879108411,56278.7519962858,46195.7956596439,68281.7004762903,69076.1059443027,54747.7334199683,43262.0861404109,84020.5615285209,7.27595761418343e-12,97669.2566679396,46169.5818755666,52380.3314898356,60661.9362175574,75617.8616542126,92468.1824939984,52402.334663564,79744.6746312527,51315.5587439418,54893.960753295,66746.1585617659,55699.3128278032,62340.0395066542,46203.0980013509,50550.3811903965,52588.8440069318,41179.0684396997,80826.9049449606,42781.0247078736,47914.7856489592,63453.5382499213,47216.2003674241,97838.5656461709,100659.678807868,46950.9336791369,51798.4180470177,74653.2049218065
TCGA-D8-A1XY-01A,105290.563413578,100967.23894873,128691.573310714,80659.553381077,136118.163691861,116017.091021301,99287.43184572,99333.4957491598,101656.504286696,105090.216940563,114654.895198869,91913.3430454291,87240.1856818453,73199.9917342185,139327.241867716,89219.0022842823,113669.575800926,75090.7937039516,73172.5164687726,85291.2996547646,89921.1619768205,74999.5913558172,100844.226528149,112165.903417662,65481.3710495821,95551.7548929787,61143.2341553006,82136.1819620432,75173.0573936552,116445.33882129,114304.079057753,57703.9957189047,84903.3890796165,86233.4919582819,72012.0999527495,97669.2566679396,0,75833.8127616693,63580.4996542832,79550.4657727699,81495.8257277094,71546.5008158238,82406.0058412403,103600.665254206,82946.6133448053,88595.7385668607,78023.3686903945,107950.036626082,84270.2368977098,66204.4404408757,72214.0120554625,82666.5400132037,67092.9752116873,92646.8744634597,78905.3103439041,74136.4550986837,101499.769702344,65883.5102687365,91890.0018592827,102215.105868552,82052.6943866642,97927.3713025571,81314.2209174666
TCGA-AR-A1AU-01A,69458.4083482237,76376.0394033611,76150.0716041334,36333.8320881042,113012.275099545,66205.3688361989,52668.2281306145,84481.5049807813,66202.6622652925,79321.5216437444,79824.7423327082,68955.2918342713,57672.1804125616,40258.1984140982,92472.2696944866,55548.0856882279,81524.3489900647,53136.5698947244,31515.9255863641,45257.0786984545,59533.1087068065,56426.1687855677,81442.1681084828,161326.710065635,72814.5362060738,45876.2761010442,59769.1517766045,49509.5364265477,42193.7227445545,51217.8880687763,65143.5280072928,53212.2926019385,55281.7733270062,46163.3166918264,73789.9369889853,46169.5818755666,75833.8127616693,7.27595761418343e-12,44501.9080724254,36152.7592040264,58153.1706386243,59837.8338841663,46772.9308712644,62605.5653455058,42789.6171172831,52273.7883183316,58379.4275805813,57231.6936109828,60743.9858788843,36266.4408477431,55207.0722849638,42438.4503628725,41474.2611897842,69340.8811095993,37271.6098280991,41249.2717568429,61783.8559469637,37315.7679739762,77093.1109235145,104514.066774692,40514.6852124293,66559.3292337404,61355.0819142609
TCGA-AC-A2FG-01A,82690.1135528358,88600.7634476688,93747.2731810812,47128.071483064,111724.043778832,83667.6120022,65069.7724683479,91902.3410321178,71885.1737377297,94656.4414719822,80361.4241419968,69580.470393634,66279.174786375,44541.3228727627,107862.548633649,56429.268710958,77649.0562900598,49380.5453724768,36238.8564129197,53306.9322378937,67945.4652616312,72600.5327048892,86306.2138788633,128821.211990805,73960.8849194391,53825.0738299782,39467.3463356872,61751.25720227,45792.3961183276,72982.089028172,78121.2725550328,57186.2748665666,60405.0943814357,53451.0352879011,68643.5744304702,52380.3314898356,63580.4996542832,44501.9080724254,0,42249.3967035746,74207.6182797354,72265.272133179,55731.0849875606,77634.6538045139,46804.5503888808,60506.471395243,59671.3769931414,65190.3442094519,60531.1879658517,42601.9059283111,47272.0695412796,55028.445709648,39669.7003025303,70083.6489103049,38965.6492038007,49867.6808795217,67166.296696627,38781.4980695406,87842.4311973965,99803.6601538692,43333.3781799489,64335.9122352934,58406.8407771702
TCGA-AR-A2LQ-01A,66090.2816753169,63843.5723596328,63954.6739652665,40037.604468811,111154.0906629,56387.4052392519,51535.644435952,72308.9604737754,59772.0844594564,70895.0110779128,63559.095529467,51582.0499626736,47798.5420896157,41778.9760496529,113744.977457659,54062.8788165283,90828.3786905815,46434.0652825822,31062.6342672393,52515.8226132275,58629.6043171133,72181.6835982199,96180.0882980349,181100.592281922,85455.5181722164,53766.0752151878,57650.4560835103,36738.1564259811,37074.686979502,72592.246468361,82163.8331092337,65413.0607278811,60470.5925999102,59150.6990254841,76389.9852831607,60661.9362175574,79550.4657727699,36152.7592040264,42249.3967035746,0,71550.4056395132,72880.63407972,56022.7045716502,60548.9370153056,28436.2057626898,56137.3966857938,65077.7239602023,73726.8760947802,68570.2196585857,47114.8373374199,65929.4452400868,37902.8036543719,49285.9701225432,61729.4874952091,33199.2035945044,48787.7395710308,49087.8634379741,27109.1224633107,100990.318361647,118084.688239336,34934.5164369531,75823.6188787774,42633.3782538177
TCGA-BH-A1F8-01A,100468.149892134,91395.8674181897,115353.782409012,57358.4160356847,133105.76757874,101685.632149109,65035.4433768633,81874.0347066921,92954.0454462065,97073.0011517136,99824.8393653,82089.3254709988,80470.2176878284,58376.5091415324,107563.175917597,80446.0853524231,81867.275839379,68979.123984644,63558.8143155735,60358.1816135295,58173.4581075793,65450.1946365306,79672.9209875858,131988.165396644,62173.4959003071,62982.0555091195,77655.9282999094,75163.5396099089,58507.2908890123,80886.7511089107,78863.0547778558,60031.2452167381,61383.5830526267,65347.2663480166,63220.5362032419,75617.8616542126,81495.8257277094,58153.1706386243,74207.6182797354,71550.4056395132,2.91038304567337e-11,63286.3001860439,67159.8834804976,83595.7126451206,63492.2897044601,62876.8786354763,55504.4538373732,87573.4918213539,61130.5992881188,53544.3181161368,63926.1297719198,64768.7402836127,52689.6556688928,86810.7893813261,62002.6271141086,51781.0648431985,91211.3618410703,57537.3791231458,81434.3913554476,91905.9973818766,68717.1299740994,75541.5839063773,83727.3926987473
TCGA-A8-A075-01A,90561.1382715534,85823.7669479554,106985.87207404,68234.8636617479,140051.297746973,94812.2328009093,90376.3990791602,68801.2859032696,89083.8481356728,74305.919296564,106223.34427541,84719.5155548143,66230.841675494,63168.0277300047,141272.341751474,81221.3303379586,101512.155465555,74865.5968073332,69466.0492791289,75503.2958490286,78351.8591640092,45917.1277678673,97036.2910174581,143506.87797318,62799.8326298882,82633.063992441,77935.6719690802,59495.1896905838,53957.3923109751,100579.106098986,100467.95973807,65182.0005105637,66107.7806813235,74427.914994241,58263.4959105991,92468.1824939984,71546.5008158238,59837.8338841663,72265.272133179,72880.63407972,63286.3001860439,0,76446.2241147901,75941.9106054532,72582.6640926387,74451.1669390388,78982.3137419898,97612.8513613723,81718.8635524152,55441.1071579883,85164.7230400199,61935.2854883829,62916.071266424,82083.6936052112,71196.1788359258,57280.202212114,82265.304008939,63435.3643082067,64811.838717362,115003.75218428,74052.4182569996,113613.764834935,71055.5334691636
TCGA-D8-A1XL-01A,77152.0198883984,86481.0701341427,94407.20753774,37456.0423060926,103853.788200326,68157.0363228643,57930.5444657353,78364.8375770599,63345.9033343802,106366.323899244,70063.8129538909,57607.3147139418,55281.1018816786,44224.2251388489,101682.595168871,68763.2855840358,83897.4162584899,47399.8125897809,37115.4526601044,51774.7405592998,49140.6328090379,72868.7171814363,86296.5698228573,159124.168317535,70821.348866089,46501.4805823424,69570.9502838431,64505.3252620483,58940.069428017,68472.2155928275,71553.3546903319,62950.6410440542,49402.9489182825,54265.4069094738,74985.6706117352,52402.334663564,82406.0058412403,46772.9308712644,55731.0849875606,56022.7045716502,67159.8834804976,76446.2241147901,0,76376.7706658567,42108.9003258636,53777.6021046385,62473.5373227509,64038.7323420449,64709.1156929733,44044.9233719124,57823.4021285585,39333.7742810408,41949.6902996441,71098.1049027033,47709.2388077174,50437.339612643,60320.0164650346,38528.1541094389,98008.8676619823,115154.356503727,36402.7563942784,67603.6042377602,57521.0860824419
TCGA-LL-A73Z-01A,86818.7216361113,37036.0982853599,101134.105146382,61951.5437968592,125391.168176243,75570.241413836,62634.065986602,56509.5068829071,82112.0977681906,80578.8513156469,78330.7741947182,72545.6604279836,54122.2384673251,39374.5104666266,134108.20001289,78855.2742640619,100047.32169534,53931.5535562881,67920.4266956634,64324.138169843,69182.2772923065,88500.6960835501,103425.624159969,174524.295417461,100152.105443496,67992.7362989145,97935.7313644961,64933.0482871026,46611.5262585861,94182.3906974909,83844.3174983335,90442.8295916535,57605.5423535576,61873.5696819888,82519.9168276284,79744.6746312527,103600.665254206,62605.5653455058,77634.6538045139,60548.9370153056,83595.7126451206,75941.9106054532,76376.7706658567,0,61395.1987170943,41997.063415313,92821.2162238665,77544.5946202185,86925.4683635628,68185.6654866508,91752.1769135587,49988.5511466737,68145.4445007316,63943.1563471513,61540.0129969771,66171.2673549643,66383.9028831401,58785.8390937165,117336.389832086,135434.257962143,69538.1757667092,104085.754029238,72540.5102857387
TCGA-OK-A5Q2-01A,73437.0581296297,62390.5510008551,81866.3875400209,30213.8820632767,111839.255412719,56479.8045281405,44971.8336653079,56995.7292911255,59322.4986140909,84777.2277783349,55641.317191053,39400.0858245736,37968.0857094723,33628.6577947487,101696.510993845,57630.793201649,72967.1676083873,32849.4098827077,30853.0933003523,41045.9369243181,35185.0710540827,78901.6515746191,88938.9437228771,165036.496644149,74762.2799014708,38034.9853734814,57200.1581574475,43212.0605743197,35560.0304379339,64007.7022715084,71368.2445594392,65752.921627391,45196.7900367722,55315.483007507,61447.0033071967,51315.5587439418,82946.6133448053,42789.6171172831,46804.5503888808,28436.2057626898,63492.2897044601,72582.6640926387,42108.9003258636,61395.1987170943,0,42881.1888662792,57798.379407327,70459.447458799,52197.5159480901,43883.3814321974,56428.4523092009,25547.8635892085,39412.9779995249,53432.0882557373,31608.1950475364,42946.8439191244,38672.033209698,22519.9037471069,101627.404615865,103249.610583855,26395.2798942629,59592.8583406981,36286.4766642958
TCGA-OL-A66N-01A,90007.0964972128,52645.3520920504,106707.05599199,37640.8081010189,117064.098925945,77251.4048155591,40945.3126935591,62946.852242145,79295.1995574063,89926.6103340086,71355.3790995654,62846.6962467625,56751.1430420317,25054.5339978331,106224.70757196,65270.7477740389,69412.6756625216,37914.2546450282,47894.4525654084,44398.5383347396,46157.1988730844,84937.0517479398,81734.0920446729,138255.438493191,81228.5773127452,38638.5088633211,75329.142904802,67692.5900535782,37536.6796971534,69183.3484114296,59723.9537670427,72005.7201505605,46102.4504482515,45014.6855899356,67956.6589221669,54893.960753295,88595.7385668607,52273.7883183316,60506.471395243,56137.3966857938,62876.8786354763,74451.1669390388,53777.6021046385,41997.063415313,42881.1888662792,0,68290.9862016346,58069.094646429,58857.5255186511,47652.8236842036,59139.7667980676,41997.4784923816,43696.8745339099,60599.7910151127,43004.3431169632,47171.5140636514,61058.4419883695,42282.984695836,106357.745091706,103653.302869174,49187.4947508182,64426.8605596292,66269.3033951798
TCGA-D8-A1X5-01A,94500.0202127883,100527.728004547,112872.738505299,51962.4091622355,122330.668335606,96394.956142109,64128.1778915968,93652.6269182262,82141.2079823188,110988.044186329,93125.7546390094,79775.0936177191,77696.9351650794,58788.3198096424,94126.8648593713,75466.2413685857,81907.2461970651,60778.67017489,57668.050141569,56156.4393335842,60580.4189755855,80794.8524653062,85182.39989568,137245.623370566,76886.731382066,59343.8871505439,64119.9019468271,74477.4974341476,60807.2613063431,81779.5887948645,75378.1395121804,56383.8835883723,64239.7425370637,62370.1307282554,67089.0422182243,66746.1585617659,78023.3686903945,58379.4275805813,59671.3769931414,65077.7239602023,55504.4538373732,78982.3137419898,62473.5373227509,92821.2162238665,57798.379407327,68290.9862016346,0,84397.9860400788,62673.0460685644,55910.1823245907,49165.0307312824,62784.803028765,47764.8703777596,80966.1356717328,54360.7834911208,59155.5761235943,78823.9411738896,51930.4265565947,95289.4156804827,96360.5051360433,57072.8739417475,68007.1935635639,70095.3304656486
TCGA-BH-A0E1-01A,100840.521613346,91629.2765204224,116283.17130153,55021.4652200048,129367.322768165,89474.8564138886,60701.4563722643,104121.394855207,89674.8183129703,121554.051615876,92934.3540611937,88833.3264767507,82768.4353401308,52631.7981427435,109095.996516993,76449.8245782897,81845.6773685787,66053.7421827563,55217.8739153772,58234.3802300745,72402.5638978024,97455.1069781063,107072.836848619,165829.012871982,105513.219972762,52327.7266271702,84597.1890280702,89052.3697935453,68759.6561958645,70248.9073153428,74621.1131516461,89728.9666049023,70141.755902667,55522.6967195174,98610.4304347599,55699.3128278032,107950.036626082,57231.6936109828,65190.3442094519,73726.8760947802,87573.4918213539,97612.8513613723,64038.7323420449,77544.5946202185,70459.447458799,58069.094646429,84397.9860400788,0,84149.306669461,60673.8498953099,70978.1549812172,61681.704876664,56466.4275168104,88648.2199750344,55924.1726253571,65753.757456442,83737.4575662052,59702.9060939287,112009.060075628,134532.942673701,59263.3963845052,79860.0501724696,91137.528119609
TCGA-AC-A5XU-01A,104519.289652061,98493.0713967102,117602.375284287,54901.1287786362,126632.097230988,103049.895648198,65253.3262092924,91841.6335027265,93728.5125938424,108250.811264945,90824.5656792645,77842.3025497752,79414.790096934,53399.9021893013,94682.4044217484,76689.8803018232,74561.881610842,58974.3847091065,56227.4059776168,56798.206209095,59227.1886458694,84858.4386997223,77894.3037452019,124879.453557715,67413.1703646814,55093.0356872661,63154.0894138207,79450.652304829,52197.8638479445,68819.9586032703,73864.9295212148,71169.9778836785,60944.5186690347,61760.6615851962,64485.260059136,62340.0395066542,84270.2368977098,60743.9858788843,60531.1879658517,68570.2196585857,61130.5992881188,81718.8635524152,64709.1156929733,86925.4683635628,52197.5159480901,58857.5255186511,62673.0460685644,84149.306669461,1.45519152283669e-11,51681.449159756,54169.5982332295,68382.7954233509,46722.0180821522,79901.7003805705,56667.6358636446,50370.7470938511,85654.0894166168,52459.8685420475,95853.1747597095,73412.0876142273,61081.4034023466,58996.7979352613,80129.1273726021
TCGA-V7-A7HQ-01A,82506.1624002536,81152.0384282965,93742.0995210401,39916.2712924343,112980.650402024,81182.7929131977,54712.7567055059,82932.3792762102,75000.6199239728,86476.5668002054,82613.5375143713,65332.361726719,62012.6415089653,36770.4621014398,95968.3595660249,54324.7787504838,76362.296229206,46154.6963522484,30395.1913209689,45835.727098503,55440.5033418642,58262.8224226661,73596.4364778261,128132.872553583,62595.7570133915,43508.5957301158,53763.2294224482,56384.2072177771,39530.9494336496,54569.0782192506,68501.7521414644,50463.8102588983,51490.8280960758,43278.051767127,65658.3099878179,46203.0980013509,66204.4404408757,36266.4408477431,42601.9059283111,47114.8373374199,53544.3181161368,55441.1071579883,44044.9233719124,68185.6654866508,43883.3814321974,47652.8236842036,55910.1823245907,60673.8498953099,51681.449159756,7.27595761418343e-12,41284.3184625363,49092.9539071464,31231.3015002721,71043.4902847318,40401.3322699959,30092.152990029,72712.3025081245,36537.2356283024,70062.4547807837,87917.1811452208,43150.5240239712,57164.0893433029,64492.1736247133
TCGA-E9-A1NI-01A,99229.4495005731,99815.5446746736,119772.590481642,47806.7295277179,123087.704425911,99100.82326579,58877.2777211037,106235.67561627,87171.6706188346,121952.030981603,94023.0957956193,73610.2593456383,79354.1843990015,47137.303177861,92384.7422902911,67740.4571753244,82652.8415655895,48696.234481199,44711.9099107168,53010.29206475,64219.745912176,85483.0710337202,81911.5629699377,121738.863553383,78067.6912134034,50309.3199559557,53252.1319862368,82470.6411702409,60947.6309674035,68017.3759282779,74997.655864296,53781.2539230118,62031.2050690569,45987.9224275937,77669.1407194548,50550.3811903965,72214.0120554625,55207.0722849638,47272.0695412796,65929.4452400868,63926.1297719198,85164.7230400199,57823.4021285585,91752.1769135587,56428.4523092009,59139.7667980676,49165.0307312824,70978.1549812172,54169.5982332295,41284.3184625363,0,65681.6352579882,35597.4091179182,81336.3858038719,47962.5520234537,52473.6522231141,83857.1983792353,46338.3687624821,92530.6707144361,84805.971574966,50838.5177928994,47152.3681482358,76023.2280319578
TCGA-AR-A1AX-01A,66107.9076057667,49291.4634670904,85086.2865584472,28586.0778209793,108691.118811598,47208.896964621,47592.5008381312,42445.4052787699,51215.2543338596,84127.042723428,52753.9395061583,35510.385017584,29565.7993792833,31154.3616703214,110628.307244514,60196.0104017484,82328.2882858536,30033.2972501073,38349.4846268185,38072.3331815326,36523.4994212272,77759.8662693968,94455.0819872642,171421.409167243,74193.5702693369,41086.0032787153,67714.9508615454,45105.5813410293,41067.8275432657,69396.5020683112,75443.1424282153,65711.4499824548,39384.6892628823,51253.1688631994,57893.5780204763,52588.8440069318,82666.5400132037,42438.4503628725,55028.445709648,37902.8036543719,64768.7402836127,61935.2854883829,39333.7742810408,49988.5511466737,25547.8635892085,41997.4784923816,62784.803028765,61681.704876664,68382.7954233509,49092.9539071464,65681.6352579882,0,42351.809347189,50663.9570146945,38020.2805888302,49240.7498255425,25800.8788110643,25782.8576351498,95547.5436488449,118700.748008876,27521.322217761,71914.6201513288,29671.1355404371
TCGA-E9-A22H-01A,81180.9721974877,78173.3955741715,100561.202552608,34872.1832918746,112034.537369703,75688.0313516885,51652.9460428899,75100.6420657997,70314.080718075,93264.7969637373,73331.5316444776,56618.0930075181,56303.6511778194,30436.940442666,84400.4208810386,51553.1551269328,67311.7221022599,38205.8331296615,30458.585908486,37895.3157696938,45682.9621091922,66121.0635282879,70682.0203736541,121446.007797547,66123.6954720875,36416.7196899561,47859.7356554019,61820.5221485899,39509.2309411474,58161.5939781807,65254.7731659798,49084.2174600935,45435.4784243764,39204.5927985325,58418.4618875738,41179.0684396997,67092.9752116873,41474.2611897842,39669.7003025303,49285.9701225432,52689.6556688928,62916.071266424,41949.6902996441,68145.4445007316,39412.9779995249,43696.8745339099,47764.8703777596,56466.4275168104,46722.0180821522,31231.3015002721,35597.4091179182,42351.809347189,0,63813.0429629529,35385.0704758836,36181.1197862397,62715.3724651989,27606.948674395,71207.089447505,82630.2904959642,36486.8687199379,51614.5429959077,56440.0908384103
TCGA-LL-A8F5-01A,71094.4475335843,67543.1496885741,92690.1731127569,59950.4801132665,96193.4326269113,64336.5299173898,67830.8400882414,55878.4974661299,58515.7126177347,88211.2953144555,56087.8335545392,51057.0822151147,43742.0448858349,53897.4870492561,126153.531930978,81086.6206311252,100261.257842126,51242.3039257051,66833.6234574482,65227.3186048554,65471.3373244837,91658.0973323959,104373.146171909,170719.646632092,91558.7408106326,71605.7262320474,83359.4652024621,54373.3782786301,53901.0157885945,97485.4533822052,92449.6275417857,82773.4479573067,62565.519424081,73809.7423462788,70987.4987859512,80826.9049449606,92646.8744634597,69340.8811095993,70083.6489103049,61729.4874952091,86810.7893813261,82083.6936052112,71098.1049027033,63943.1563471513,53432.0882557373,60599.7910151127,80966.1356717328,88648.2199750344,79901.7003805705,71043.4902847318,81336.3858038719,50663.9570146945,63813.0429629529,1.45519152283669e-11,60274.7753707743,67766.5392460653,50270.1093721673,54778.0093589482,115983.584637388,126445.907918444,59300.3328166925,93248.0712374783,50438.9723047159
TCGA-A2-A1FZ-01A,78632.9886914315,68166.8078568202,87206.9704720705,30785.0113160403,114995.106003271,64811.5304146156,42632.2901631889,74820.8072246456,64482.0071809423,84704.5395868287,65059.9787014142,55359.6340952707,51485.7961908014,33890.2882450787,100795.357616472,51967.6434340728,73203.7832086731,39657.4120301079,32250.0498703553,40443.7626302444,47703.3730220525,70041.5389178886,82539.9793076949,155776.158346553,80137.5410640768,37770.7676474701,54720.2410222231,51734.2746342107,35055.5726710538,58371.3670968492,66057.0838231089,59686.7438535779,51684.4132465888,44094.0141446095,68006.0900133015,42781.0247078736,78905.3103439041,37271.6098280991,38965.6492038007,33199.2035945044,62002.6271141086,71196.1788359258,47709.2388077174,61540.0129969771,31608.1950475364,43004.3431169632,54360.7834911208,55924.1726253571,56667.6358636446,40401.3322699959,47962.5520234537,38020.2805888302,35385.0704758836,60274.7753707743,0,43262.4654474886,50043.2803378953,30491.4414633108,89483.6184751654,103124.359881348,32017.1411300507,55162.3924608439,47949.9506191009
TCGA-EW-A6S9-01A,85793.9966206903,75511.8474197435,93083.5958845294,41063.4695874919,113251.325170691,80362.2729213751,55573.0977933087,75601.8960054778,76656.3215916874,80707.2191522596,80781.4919605977,63902.6600219039,60995.3905520191,37629.8056431699,92669.7392963862,58075.6714634546,72786.4346414981,48704.8247063912,36917.5287866522,44538.3078546283,53591.8707158624,61510.7810144191,76167.754719591,131326.622352473,63655.2870863313,43426.8979492546,56877.6909987376,55673.7996804758,36757.6990952817,54827.9189763413,67696.5459262346,59419.7481808681,49242.1680719823,50356.3638717276,60889.8302945182,47914.7856489592,74136.4550986837,41249.2717568429,49867.6808795217,48787.7395710308,51781.0648431985,57280.202212114,50437.339612643,66171.2673549643,42946.8439191244,47171.5140636514,59155.5761235943,65753.757456442,50370.7470938511,30092.152990029,52473.6522231141,49240.7498255425,36181.1197862397,67766.5392460653,43262.4654474886,7.27595761418343e-12,70083.4209225891,38589.6533000131,72163.8034366621,89764.5646495617,47936.447836671,61915.5687144522,63202.4796131128
TCGA-AR-A1AJ-01A,69780.1263253649,65205.8881396985,88387.3314670041,39855.1579569542,109724.913436302,47064.5504999179,62436.6014703882,51078.9242419519,50412.2136975749,95190.8516904892,49796.5104056092,40465.2998075319,32023.198361901,51918.7016139261,135438.577976863,74397.9926243614,103755.994112635,43726.7140062202,60606.1956480056,54752.0021569104,58962.5253574585,99822.8031125407,112330.536322238,199675.513861359,97858.0860572085,59836.8706553986,82419.3402631557,48793.4256249802,52880.4091134453,86499.2463165554,94684.5804530866,82073.9188763693,54341.7379697536,68453.9222199296,71257.7543326818,63453.5382499213,101499.769702344,61783.8559469637,67166.296696627,49087.8634379741,91211.3618410703,82265.304008939,60320.0164650346,66383.9028831401,38672.033209698,61058.4419883695,78823.9411738896,83737.4575662052,85654.0894166168,72712.3025081245,83857.1983792353,25800.8788110643,62715.3724651989,50270.1093721673,50043.2803378953,70083.4209225891,0,44278.7218835785,122489.770131549,137981.524772328,41408.1190236219,90308.4244223481,28152.2370342967
TCGA-E2-A1IJ-01A,67322.5248833405,57155.2470668038,82025.9226490081,30361.2773899697,105307.118855068,54528.5928440048,43793.3444582476,58223.5257056615,56418.50023676,81483.1556360551,58388.5126001349,37764.2001063885,38573.1743727407,27960.682571616,91277.0911085718,51171.4442815456,72669.6824702104,29279.1062906607,24656.1062988758,36078.9810403681,38442.975705846,68622.6738687812,83242.1022524794,148376.276452958,67954.8632255759,37278.9901952116,50379.528579174,44365.4416046715,35615.1498581231,62480.1681050886,68711.4086789184,55435.2178220281,43467.9627658371,44822.4106656846,58584.4956710689,47216.2003674241,65883.5102687365,37315.7679739762,38781.4980695406,27109.1224633107,57537.3791231458,63435.3643082067,38528.1541094389,58785.8390937165,22519.9037471069,42282.984695836,51930.4265565947,59702.9060939287,52459.8685420475,36537.2356283024,46338.3687624821,25782.8576351498,27606.948674395,54778.0093589482,30491.4414633108,38589.6533000131,44278.7218835785,0,84151.1047025757,99182.0244894674,25878.536116002,57308.6107882226,37817.1823501329
TCGA-EW-A1J1-01A,118659.683904224,128565.727804263,140276.954647352,94765.4864010974,168849.174162541,129148.080991777,117197.187837371,114192.543482616,118801.403325178,111180.630123326,139621.910970471,116435.717767442,105094.519942912,87286.1801199648,127265.291511888,98174.8109713547,120302.742636829,102654.051095136,83306.5609662396,89192.7756895136,99719.0613594577,74951.9841918726,109261.967004285,145601.704002034,89184.9022218365,98764.4219387305,87509.1803684151,98713.70527112,86754.3205286422,102848.78969628,123732.934561218,77825.3182696833,94742.0620369922,92878.0396908349,88947.8548250647,97838.5656461709,91890.0018592827,77093.1109235145,87842.4311973965,100990.318361647,81434.3913554476,64811.838717362,98008.8676619823,117336.389832086,101627.404615865,106357.745091706,95289.4156804827,112009.060075628,95853.1747597095,70062.4547807837,92530.6707144361,95547.5436488449,71207.089447505,115983.584637388,89483.6184751654,72163.8034366621,122489.770131549,84151.1047025757,0,113862.087189297,95063.1953095922,114971.708174667,105313.478596206
TCGA-BH-A204-01A,153147.187611576,145660.841901168,168911.330123767,101142.893819818,177496.471469498,162457.324611169,111430.93088372,138943.017908038,146622.903094011,154749.750233606,141687.994856028,127526.778326395,131252.024902498,95934.0949739007,116372.239670074,116529.960647785,117058.829728246,105216.524633908,102794.862033983,94762.2665779684,102777.476992839,123659.986635962,84169.6157600426,121696.380040155,98060.6657812324,98886.3089744761,88630.4883996982,129080.916441491,95948.4760479272,107390.967160028,117668.580766198,84881.3171615699,102296.360271265,100510.809121006,96805.5155711746,100659.678807868,102215.105868552,104514.066774692,99803.6601538692,118084.688239336,91905.9973818766,115003.75218428,115154.356503727,135434.257962143,103249.610583855,103653.302869174,96360.5051360433,134532.942673701,73412.0876142273,87917.1811452208,84805.971574966,118700.748008876,82630.2904959642,126445.907918444,103124.359881348,89764.5646495617,137981.524772328,99182.0244894674,113862.087189297,0,114495.053586482,82288.8345610035,126050.659973894
TCGA-E9-A1RA-01A,70533.8752914506,72473.972519304,86623.5440987443,30469.8676817001,110067.137032833,55751.3260494362,49037.6344618835,68378.4170025639,53979.4062267447,95082.4862660954,59585.8865729684,45867.9383849211,44628.7494341213,37122.7170213445,102245.988208876,56958.9346653674,80453.6144228405,36256.4748888562,29368.7521653758,43450.4296680915,44381.1269679407,78936.2019759825,91054.5821275024,168124.249408605,79277.3156977182,40007.8588996727,56006.1083927015,51365.6645079936,45849.7473692581,61011.1382349817,74251.3467571584,62711.7943667108,48126.4736849039,51638.8163263984,68501.6512989694,46950.9336791369,82052.6943866642,40514.6852124293,43333.3781799489,34934.5164369531,68717.1299740994,74052.4182569996,36402.7563942784,69538.1757667092,26395.2798942629,49187.4947508182,57072.8739417475,59263.3963845052,61081.4034023466,43150.5240239712,50838.5177928994,27521.322217761,36486.8687199379,59300.3328166925,32017.1411300507,47936.447836671,41408.1190236219,25878.536116002,95063.1953095922,114495.053586482,7.27595761418343e-12,59407.8869321287,37154.9656859245
TCGA-E9-A1R6-01A,118988.038685672,107672.433619216,135947.615221996,53366.6536934149,141038.553003075,108965.614700481,60270.5144971019,116501.819497876,101434.966915264,141735.035142982,95239.7319522651,83751.3810704561,93283.8754181591,58082.0366945602,96524.1962726163,82986.383930556,88784.6710625592,63046.9438991203,57085.5038181675,56010.8261113654,66093.1860410143,113348.052090206,84892.2449378497,146505.373011475,94355.3211912926,51919.8471219532,67654.2894233259,100357.729148503,72457.3187888335,62847.8352296171,81648.079044355,76019.4823215457,74058.6458608719,65393.7902772229,91965.3477615208,51798.4180470177,97927.3713025571,66559.3292337404,64335.9122352934,75823.6188787774,75541.5839063773,113613.764834935,67603.6042377602,104085.754029238,59592.8583406981,64426.8605596292,68007.1935635639,79860.0501724696,58996.7979352613,57164.0893433029,47152.3681482358,71914.6201513288,51614.5429959077,93248.0712374783,55162.3924608439,61915.5687144522,90308.4244223481,57308.6107882226,114971.708174667,82288.8345610035,59407.8869321287,0,87209.3359945701
TCGA-E9-A243-01A,63476.8437860882,66673.6184441659,82765.7413783329,45777.6905952583,104345.712551652,51393.4092722755,72562.983277276,46249.1154710492,44324.1111476226,87238.081430166,56977.4053405095,36129.0312961095,29876.4810117161,51343.6127080671,132035.435869905,70526.590509819,106335.434297836,41738.7165348647,54208.4689482033,57926.6510058182,56152.2924928897,87086.2208889399,104715.086191236,180537.019816621,80768.8630909277,67118.0992397122,67902.4830660448,39102.97252449,52568.7009443506,93830.5477036907,105132.027241311,71367.0836437027,56540.9920873532,73182.5098173463,63776.83677954,74653.2049218065,81314.2209174666,61355.0819142609,58406.8407771702,42633.3782538177,83727.3926987473,71055.5334691636,57521.0860824419,72540.5102857387,36286.4766642958,66269.3033951798,70095.3304656486,91137.528119609,80129.1273726021,64492.1736247133,76023.2280319578,29671.1355404371,56440.0908384103,50438.9723047159,47949.9506191009,63202.4796131128,28152.2370342967,37817.1823501329,105313.478596206,126050.659973894,37154.9656859245,87209.3359945701,0
