Sample.ID,TCGA-LL-A73Y-01A,TCGA-D8-A1JG-01B,TCGA-AC-A2QH-01A,TCGA-BH-A1EN-01A,TCGA-C8-A27B-01A,TCGA-GM-A2DI-01A,TCGA-E2-A1B0-01A,TCGA-C8-A8HP-01A,TCGA-BH-A1F0-01A,TCGA-D8-A1JF-01A,TCGA-AR-A24U-01A,TCGA-D8-A1XW-01A,TCGA-BH-A0E0-01A,TCGA-AR-A1AP-01A,TCGA-OL-A5DA-01A,TCGA-BH-A202-01A,TCGA-5L-AAT0-01A,TCGA-AR-A0U3-01A,TCGA-E9-A3X8-01A,TCGA-AR-A254-01A,TCGA-D8-A1X9-01A,TCGA-A2-A3KD-01A,TCGA-BH-A0W5-01A,TCGA-BH-A1FG-01A,TCGA-E2-A1IO-01A,TCGA-BH-A0BF-01A,TCGA-BH-A0BT-01A,TCGA-D8-A1Y0-01A,TCGA-AR-A24S-01A,TCGA-EW-A1PA-01A,TCGA-BH-A0B6-01A,TCGA-AO-A1KP-01A,TCGA-BH-A0BA-01A,TCGA-AQ-A7U7-01A,TCGA-AQ-A04H-01B,TCGA-A1-A0SF-01A,TCGA-OL-A66O-01A,TCGA-A7-A26E-01A,TCGA-D8-A1Y2-01A,TCGA-EW-A2FW-01A,TCGA-A7-A26J-01A,TCGA-OK-A5Q2-01A,TCGA-AO-A0JG-01A,TCGA-D8-A1XF-01A,TCGA-EW-A1IZ-01A,TCGA-A2-A0SW-01A,TCGA-OL-A66L-01A,TCGA-LL-A7SZ-01A,TCGA-AC-A62X-01A,TCGA-AR-A1AN-01A,TCGA-LL-A5YN-01A,TCGA-BH-A0AU-01A,TCGA-BH-A6R8-01A,TCGA-BH-A0DI-01A,TCGA-BH-A28Q-01A,TCGA-LL-A6FQ-01A,TCGA-B6-A0WZ-01A,TCGA-OL-A5D8-01A,TCGA-A2-A25E-01A,TCGA-BH-A208-01A,TCGA-E9-A2JT-01A,TCGA-E9-A248-01A,TCGA-E9-A5UO-01A
TCGA-LL-A73Y-01A,0,0.983516483516483,0.990384615384615,0.992481203007519,0.99,0.992700729927007,0.991935483870968,0.994974874371859,1,0.991596638655462,0.983050847457627,0.993630573248408,0.991150442477876,0.991071428571429,0.992700729927007,0.990825688073395,0.995,1,1,0.991228070175439,0.993630573248408,1,1,1,1,0.971153846153846,0.991379310344828,0.984732824427481,0.991525423728813,0.972972972972973,0.992272024729521,1,0.991379310344828,1,0.992700729927007,1,1,1,1,1,1,1,1,1,0.990445859872611,0.984375,1,0.992,0.984251968503937,0.990825688073395,1,1,1,0.983050847457627,1,1,1,1,1,0.992481203007519,1,1,0.990291262135922
TCGA-D8-A1JG-01B,0.983516483516483,0,0.990990990990991,1,0.995192307692308,1,1,1,0.992537313432836,1,0.992063492063492,1,1,1,0.993055555555556,1,0.985365853658537,1,1,1,1,1,1,1,1,0.991150442477876,0.983606557377049,0.992805755395683,1,0.991666666666667,0.986153846153846,0.981308411214953,0.983606557377049,0.992805755395683,1,1,1,1,1,1,1,0.991304347826087,1,0.991869918699187,0.993788819875776,1,0.993006993006993,0.976923076923077,0.992592592592593,0.991379310344828,1,1,1,0.992063492063492,0.981651376146789,0.992,0.993103448275862,1,0.992857142857143,1,1,1,1
TCGA-AC-A2QH-01A,0.990384615384615,0.990990990990991,0,1,0.9921875,1,0.980392156862745,0.992063492063492,1,0.978260869565217,0.978260869565217,0.988095238095238,0.975,0.974358974358974,1,0.972222222222222,1,1,1,0.975609756097561,1,1,1,1,1,0.96969696969697,0.976744186046512,1,0.977777777777778,0.975,1,1,1,1,0.984375,1,1,1,1,1,1,1,1,1,1,0.963636363636364,1,1,0.981818181818182,1,1,1,1,0.978260869565217,1,1,1,1,1,0.983333333333333,1,1,1
TCGA-BH-A1EN-01A,0.992481203007519,1,1,0,1,1,1,0.993548387096774,1,1,1,1,1,1,1,1,1,1,1,1,1,1,0.984848484848485,1,1,1,1,0.988636363636364,0.986486486486486,0.985507246376812,0.99835255354201,1,1,0.988636363636364,0.989247311827957,1,1,1,1,1,1,1,1,1,0.996323529411765,1,0.978021978021978,1,1,1,1,1,1,1,1,1,1,1,1,1,1,1,0.983050847457627
TCGA-C8-A27B-01A,0.99,0.995192307692308,0.9921875,1,0,1,0.986394557823129,0.986425339366516,0.993377483443709,0.993006993006993,0.978723404255319,0.994475138121547,0.992700729927007,0.992647058823529,0.993788819875776,0.984848484848485,0.981900452488688,1,1,0.992753623188406,1,1,1,1,1,0.992307692307692,0.992857142857143,0.993589743589744,0.985815602836879,0.992700729927007,0.992548435171386,1,1,1,0.993788819875776,0.993377483443709,1,1,1,1,1,1,1,0.992857142857143,0.994100294985251,0.986842105263158,0.99375,0.986486486486486,0.993421052631579,1,0.992424242424242,1,1,0.993006993006993,1,1,1,0.992248062015504,1,0.993630573248408,1,1,1
TCGA-GM-A2DI-01A,0.992700729927007,1,1,1,1,0,1,0.993710691823899,1,0.987341772151899,1,0.982758620689655,1,1,0.989690721649485,0.985507246376812,0.99375,1,0.985714285714286,1,1,1,0.985714285714286,1,0.982142857142857,0.984848484848485,0.986842105263158,1,0.987179487179487,1,0.993421052631579,1,0.986842105263158,0.978021978021978,1,1,1,0.987012987012987,0.983333333333333,1,1,0.985294117647059,1,1,0.985347985347985,1,0.989583333333333,1,0.988636363636364,1,0.985294117647059,1,0.985074626865672,1,1,0.974025974025974,1,0.984615384615385,1,0.989247311827957,1,1,1
TCGA-E2-A1B0-01A,0.991935483870968,1,0.980392156862745,1,0.986394557823129,1,0,0.993150684931507,1,0.969230769230769,0.984848484848485,0.990384615384615,0.966101694915254,0.983050847457627,1,0.982142857142857,0.986301369863014,1,1,0.983606557377049,1,1,1,1,1,0.981132075471698,0.984126984126984,1,0.984615384615385,0.983333333333333,0.99327731092437,1,1,0.987341772151899,0.988095238095238,1,0.980392156862745,1,1,1,1,1,1,0.984126984126984,0.99236641221374,0.973333333333333,1,1,0.986666666666667,1,1,1,1,0.984848484848485,1,1,0.988235294117647,1,1,0.974683544303798,1,1,0.98
TCGA-C8-A8HP-01A,0.994974874371859,1,0.992063492063492,0.993548387096774,0.986425339366516,0.993710691823899,0.993150684931507,0,1,0.99290780141844,0.99290780141844,0.977272727272727,0.985074626865672,0.992537313432836,0.993710691823899,0.99236641221374,0.981735159817352,1,1,0.992647058823529,0.994413407821229,1,0.992424242424242,1,1,0.9921875,0.977941176470588,0.986928104575163,0.992857142857143,0.992592592592593,0.992526158445441,1,1,0.993506493506494,0.993710691823899,1,1,1,1,1,1,0.992307692307692,1,1,0.988059701492537,0.986666666666667,0.980769230769231,1,0.993333333333333,1,0.992307692307692,1,0.992248062015504,0.99290780141844,1,0.992857142857143,0.99375,1,0.993548387096774,0.987012987012987,1,1,1
TCGA-BH-A1F0-01A,1,0.992537313432836,1,1,0.993377483443709,1,1,1,0,1,1,0.990654205607477,0.984126984126984,1,0.988505747126437,1,1,1,1,1,0.990654205607477,1,1,1,1,1,1,1,0.985294117647059,1,0.993311036789298,1,1,1,1,0.987012987012987,1,1,1,1,1,1,0.980769230769231,1,0.996240601503759,1,1,1,0.987179487179487,1,1,1,0.982456140350877,0.985507246376812,1,1,1,1,0.987951807228916,1,1,1,1
TCGA-D8-A1JF-01A,0.991596638655462,1,0.978260869565217,1,0.993006993006993,0.987341772151899,0.969230769230769,0.99290780141844,1,0,0.983606557377049,0.979591836734694,0.981818181818182,0.981481481481481,0.987341772151899,0.96,0.985815602836879,1,0.980769230769231,0.982142857142857,1,1,0.980769230769231,1,0.973684210526316,0.957446808510638,0.964912280701754,0.986486486486486,0.966101694915254,0.981818181818182,0.996621621621622,1,0.982758620689655,0.986486486486486,0.987341772151899,1,1,0.96551724137931,0.976190476190476,1,1,0.98,1,0.982758620689655,0.992217898832685,0.971428571428571,0.987179487179487,0.985074626865672,0.985714285714286,1,0.98,1,1,0.983606557377049,1,1,1,1,1,0.972972972972973,1,1,1
TCGA-AR-A24U-01A,0.983050847457627,0.992063492063492,0.978260869565217,1,0.978723404255319,1,0.984848484848485,0.99290780141844,1,0.983606557377049,0,0.98989898989899,0.981818181818182,0.981481481481481,1,0.980392156862745,0.992957746478873,1,1,0.982142857142857,1,1,1,1,1,0.957446808510638,0.982758620689655,1,0.983333333333333,0.962962962962963,0.99492385786802,1,0.982758620689655,1,0.987341772151899,1,1,1,1,1,1,1,1,1,0.984313725490196,0.985915492957746,1,0.985074626865672,0.985714285714286,1,1,1,1,0.966666666666667,1,1,1,1,1,0.986666666666667,1,1,1
TCGA-D8-A1XW-01A,0.993630573248408,1,0.988095238095238,1,0.994475138121547,0.982758620689655,0.990384615384615,0.977272727272727,0.990654205607477,0.979591836734694,0.98989898989899,0,0.989247311827957,0.989130434782609,0.991452991452991,0.977272727272727,0.994444444444444,1,1,0.98936170212766,1,1,1,1,1,0.976470588235294,0.989583333333333,1,0.989795918367347,0.978260869565217,0.995230524642289,1,1,0.981981981981982,0.991452991452991,0.990654205607477,0.988095238095238,0.989690721649485,1,1,1,1,1,1,0.996621621621622,0.981481481481481,1,1,0.981308411214953,1,1,1,1,0.969072164948454,0.987951807228916,1,1,0.988235294117647,0.991150442477876,0.991150442477876,0.988095238095238,1,1
TCGA-BH-A0E0-01A,0.991150442477876,1,0.975,1,0.992700729927007,1,0.966101694915254,0.985074626865672,0.984126984126984,0.981818181818182,0.981818181818182,0.989247311827957,0,0.979166666666667,1,0.977777777777778,0.992647058823529,1,1,0.98,1,1,0.978260869565217,1,1,0.976190476190476,0.980769230769231,1,0.981481481481481,0.979591836734694,0.996587030716723,1,1,0.985294117647059,0.986301369863014,1,0.975,1,1,1,1,1,1,1,1,0.984615384615385,0.986111111111111,1,0.984375,1,1,1,0.976744186046512,0.981818181818182,1,1,0.986486486486486,1,1,0.985507246376812,1,1,1
TCGA-AR-A1AP-01A,0.991071428571429,1,0.974358974358974,1,0.992647058823529,1,0.983050847457627,0.992537313432836,1,0.981481481481481,0.981481481481481,0.989130434782609,0.979166666666667,0,1,0.977272727272727,1,1,1,0.979591836734694,1,1,1,1,1,0.975609756097561,0.980392156862745,1,0.981132075471698,0.979166666666667,1,1,1,1,0.986111111111111,1,1,1,1,1,1,1,1,1,1,0.984375,1,1,0.984126984126984,1,1,1,1,0.981481481481481,1,1,1,1,1,0.985294117647059,1,1,1
TCGA-OL-A5DA-01A,0.992700729927007,0.993055555555556,1,1,0.993788819875776,0.989690721649485,1,0.993710691823899,0.988505747126437,0.987341772151899,1,0.991452991452991,1,1,0,0.985507246376812,0.981012658227848,1,0.985714285714286,1,0.991452991452991,1,0.985714285714286,1,0.982142857142857,0.984848484848485,0.986842105263158,1,0.974025974025974,1,0.993421052631579,1,0.986842105263158,0.978021978021978,1,0.988505747126437,1,0.987012987012987,0.983333333333333,1,0.984615384615385,0.985294117647059,1,0.986842105263158,0.992727272727273,1,0.968085106382979,1,1,1,0.985294117647059,0.983333333333333,1,1,0.984126984126984,1,1,1,1,0.978260869565217,1,1,0.984126984126984
TCGA-BH-A202-01A,0.990825688073395,1,0.972222222222222,1,0.984848484848485,0.985507246376812,0.982142857142857,0.99236641221374,1,0.96,0.980392156862745,0.977272727272727,0.977777777777778,0.977272727272727,0.985507246376812,0,0.992424242424242,1,0.976190476190476,0.978260869565217,1,1,0.976190476190476,1,0.964285714285714,0.945945945945946,0.957446808510638,1,0.959183673469388,0.977777777777778,0.994836488812392,1,0.979166666666667,0.984375,0.985507246376812,1,1,0.979591836734694,0.96875,1,1,0.975,1,1,0.991902834008097,0.966666666666667,0.985294117647059,1,0.983333333333333,1,0.975,0.96875,1,0.980392156862745,0.971428571428571,1,1,1,0.984615384615385,0.96875,1,1,1
TCGA-5L-AAT0-01A,0.995,0.985365853658537,1,1,0.981900452488688,0.99375,0.986301369863014,0.981735159817352,1,0.985815602836879,0.992957746478873,0.994444444444444,0.992647058823529,1,0.981012658227848,0.992424242424242,0,1,0.992481203007519,0.992700729927007,0.988826815642458,1,0.992481203007519,0.991935483870968,0.991596638655462,0.984375,0.992805755395683,0.993548387096774,0.985714285714286,0.992647058823529,0.98036253776435,1,0.985507246376812,0.987012987012987,1,0.993333333333333,0.992125984251969,0.992857142857143,0.991869918699187,1,0.9921875,0.99236641221374,1,0.992805755395683,0.982035928143713,1,0.987341772151899,0.986394557823129,0.993377483443709,0.992424242424242,0.99236641221374,1,0.992307692307692,0.985815602836879,1,1,0.968152866242038,0.984251968503937,1,0.987096774193548,0.984126984126984,1,1
TCGA-AR-A0U3-01A,1,1,1,1,1,1,1,1,1,1,1,1,1,1,1,1,1,0,1,0.979591836734694,1,1,1,1,1,1,1,1,1,1,0.998293515358362,1,1,1,1,1,1,1,1,1,1,0.976744186046512,1,1,1,1,1,1,1,1,1,1,1,1,1,1,1,1,0.985294117647059,1,1,1,0.973684210526316
TCGA-E9-A3X8-01A,1,1,1,1,1,0.985714285714286,1,1,1,0.980769230769231,1,1,1,1,0.985714285714286,0.976190476190476,0.992481203007519,1,0,1,1,1,0.976744186046512,1,0.96551724137931,0.974358974358974,0.979591836734694,1,0.980392156862745,1,0.993115318416523,1,0.979591836734694,0.96875,1,1,1,0.98,0.96969696969697,1,1,0.975609756097561,1,1,0.991935483870968,1,0.985507246376812,1,1,1,0.975609756097561,1,1,1,1,1,1,1,1,0.984848484848485,1,1,1
TCGA-AR-A254-01A,0.991228070175439,1,0.975609756097561,1,0.992753623188406,1,0.983606557377049,0.992647058823529,1,0.982142857142857,0.982142857142857,0.98936170212766,0.98,0.979591836734694,1,0.978260869565217,0.992700729927007,0.979591836734694,1,0,1,1,1,1,0.96969696969697,0.976744186046512,0.981132075471698,1,0.981818181818182,0.98,0.994880546075085,1,1,1,0.986486486486486,1,1,1,1,1,1,1,1,1,1,0.984848484848485,1,1,0.984615384615385,1,1,1,1,0.982142857142857,1,1,1,1,1,0.985714285714286,0.975609756097561,1,0.975
TCGA-D8-A1X9-01A,0.993630573248408,1,1,1,1,1,1,0.994413407821229,0.990654205607477,1,1,1,1,1,0.991452991452991,1,0.988826815642458,1,1,1,0,1,1,1,1,1,1,1,1,1,0.992025518341308,1,1,1,1,1,1,0.989690721649485,1,0.988372093023256,1,1,1,1,0.989795918367347,1,1,1,1,1,1,1,1,0.979591836734694,1,1,1,1,0.991150442477876,0.991150442477876,1,1,1
TCGA-A2-A3KD-01A,1,1,1,1,1,1,1,1,1,1,1,1,1,1,1,1,1,1,1,1,1,0,1,1,1,1,1,1,1,1,1,1,0.971428571428571,1,0.982142857142857,1,1,1,1,1,1,1,1,1,1,1,1,1,1,1,1,1,1,1,1,1,1,1,1,1,1,1,1
TCGA-BH-A0W5-01A,1,1,1,0.984848484848485,1,0.985714285714286,1,0.992424242424242,1,0.980769230769231,1,1,0.978260869565217,1,0.985714285714286,0.976190476190476,0.992481203007519,1,0.976744186046512,1,1,1,0,1,0.96551724137931,0.974358974358974,0.979591836734694,1,0.980392156862745,1,0.998287671232877,1,0.979591836734694,0.984615384615385,1,1,1,0.98,0.96969696969697,1,1,0.95,1,1,0.991935483870968,1,0.970588235294118,1,1,1,0.975609756097561,1,1,1,1,0.980392156862745,1,1,1,0.984848484848485,1,1,1
TCGA-BH-A1FG-01A,1,1,1,1,1,1,1,1,1,1,1,1,1,1,1,1,0.991935483870968,1,1,1,1,1,1,0,1,1,1,1,1,1,1,1,1,1,1,1,1,1,1,1,1,1,1,1,0.995833333333333,1,1,1,1,1,1,1,1,1,1,1,0.983870967741936,1,0.982456140350877,1,1,1,1
TCGA-E2-A1IO-01A,1,1,1,1,1,0.982142857142857,1,1,1,0.973684210526316,1,1,1,1,0.982142857142857,0.964285714285714,0.991596638655462,1,0.96551724137931,0.96969696969697,1,1,0.96551724137931,1,0,0.96,0.971428571428571,1,0.972972972972973,1,0.996485061511424,1,0.971428571428571,0.980392156862745,1,1,1,0.972222222222222,0.947368421052632,1,1,0.962962962962963,1,1,0.995744680851064,1,0.981818181818182,0.977272727272727,1,1,0.962962962962963,0.947368421052632,1,1,1,1,1,1,1,0.980769230769231,1,1,1
TCGA-BH-A0BF-01A,0.971153846153846,0.991150442477876,0.96969696969697,1,0.992307692307692,0.984848484848485,0.981132075471698,0.9921875,1,0.957446808510638,0.957446808510638,0.976470588235294,0.976190476190476,0.975609756097561,0.984848484848485,0.945945945945946,0.984375,1,0.974358974358974,0.976744186046512,1,1,0.974358974358974,1,0.96,0,0.954545454545455,1,0.956521739130435,0.951219512195122,0.991319444444444,1,0.977777777777778,0.966666666666667,0.984848484848485,1,1,0.978260869565217,0.96551724137931,1,1,0.972972972972973,1,1,0.991803278688525,0.964912280701754,0.984615384615385,0.981481481481481,0.982456140350877,1,0.972972972972973,1,1,0.957446808510638,1,1,1,1,1,0.967213114754098,1,1,0.96875
TCGA-BH-A0BT-01A,0.991379310344828,0.983606557377049,0.976744186046512,1,0.992857142857143,0.986842105263158,0.984126984126984,0.977941176470588,1,0.964912280701754,0.982758620689655,0.989583333333333,0.980769230769231,0.980392156862745,0.986842105263158,0.957446808510638,0.992805755395683,1,0.979591836734694,0.981132075471698,1,1,0.979591836734694,1,0.971428571428571,0.954545454545455,0,1,0.964285714285714,0.980769230769231,0.998305084745763,1,0.981818181818182,0.985915492957746,0.973333333333333,0.984848484848485,0.976744186046512,0.982142857142857,0.974358974358974,1,1,0.978723404255319,1,1,0.996078431372549,0.970149253731343,0.986666666666667,1,0.985074626865672,1,0.978723404255319,1,1,0.982758620689655,1,1,1,1,1,0.971830985915493,1,1,1
TCGA-D8-A1Y0-01A,0.984732824427481,0.992805755395683,1,0.988636363636364,0.993589743589744,1,1,0.986928104575163,1,0.986486486486486,1,1,1,1,1,1,0.993548387096774,1,1,1,1,1,1,1,1,1,1,0,1,1,0.993366500829188,1,1,1,1,1,1,1,1,1,1,1,1,1,1,1,1,1,1,1,1,1,1,1,1,1,1,1,1,1,1,1,1
TCGA-AR-A24S-01A,0.991525423728813,1,0.977777777777778,0.986486486486486,0.985815602836879,0.987179487179487,0.984615384615385,0.992857142857143,0.985294117647059,0.966101694915254,0.983333333333333,0.989795918367347,0.981481481481481,0.981132075471698,0.974025974025974,0.959183673469388,0.985714285714286,1,0.980392156862745,0.981818181818182,1,1,0.980392156862745,1,0.972972972972973,0.956521739130435,0.964285714285714,1,0,0.981481481481481,0.996615905245347,1,0.982456140350877,0.986301369863014,0.987179487179487,0.970149253731343,1,0.982758620689655,0.975609756097561,1,1,0.958333333333333,0.976744186046512,0.982456140350877,0.9921875,0.985714285714286,0.987012987012987,1,0.985507246376812,1,0.979591836734694,1,0.979166666666667,0.983333333333333,1,1,1,1,1,0.972602739726027,1,1,1
TCGA-EW-A1PA-01A,0.972972972972973,0.991666666666667,0.975,0.985507246376812,0.992700729927007,1,0.983333333333333,0.992592592592593,1,0.981818181818182,0.962962962962963,0.978260869565217,0.979591836734694,0.979166666666667,1,0.977777777777778,0.992647058823529,1,1,0.98,1,1,1,1,1,0.951219512195122,0.980769230769231,1,0.981481481481481,0,0.996587030716723,1,1,1,0.986301369863014,1,1,1,1,1,1,1,1,0.980769230769231,0.99203187250996,0.984615384615385,1,0.983606557377049,0.984375,1,1,0.972222222222222,1,0.962962962962963,1,1,1,1,1,0.985507246376812,1,1,1
TCGA-BH-A0B6-01A,0.992272024729521,0.986153846153846,1,0.99835255354201,0.992548435171386,0.993421052631579,0.99327731092437,0.992526158445441,0.993311036789298,0.996621621621622,0.99492385786802,0.995230524642289,0.996587030716723,1,0.993421052631579,0.994836488812392,0.98036253776435,0.998293515358362,0.993115318416523,0.994880546075085,0.992025518341308,1,0.998287671232877,1,0.996485061511424,0.991319444444444,0.998305084745763,0.993366500829188,0.996615905245347,0.996587030716723,0,0.998260869565217,0.994897959183674,0.993366500829188,0.99672131147541,0.994991652754591,0.996533795493934,0.996610169491525,0.99650959860384,0.998275862068965,1,0.998281786941581,1,0.993185689948893,0.983290488431877,0.996677740863787,0.98841059602649,0.994974874371859,0.996672212978369,0.998284734133791,0.994827586206897,0.998257839721254,0.993079584775086,0.996621621621622,0.996527777777778,0.998310810810811,0.991776315789474,0.996539792387543,0.99835255354201,0.991708126036484,0.994791666666667,1,0.993031358885017
TCGA-AO-A1KP-01A,1,0.981308411214953,1,1,1,1,1,1,1,1,1,1,1,1,1,1,1,1,1,1,1,1,1,1,1,1,1,1,1,1,0.998260869565217,0,1,1,1,1,1,1,1,1,1,1,1,1,1,1,1,0.979591836734694,1,1,1,1,1,1,1,0.976190476190476,1,1,1,1,1,1,1
TCGA-BH-A0BA-01A,0.991379310344828,0.983606557377049,1,1,1,0.986842105263158,1,1,1,0.982758620689655,0.982758620689655,1,1,1,0.986842105263158,0.979166666666667,0.985507246376812,1,0.979591836734694,1,1,0.971428571428571,0.979591836734694,1,0.971428571428571,0.977777777777778,0.981818181818182,1,0.982456140350877,1,0.994897959183674,1,0,0.971428571428571,0.986842105263158,1,1,0.982142857142857,0.974358974358974,1,1,0.956521739130435,1,1,0.988142292490119,1,0.986666666666667,1,1,1,0.978723404255319,1,1,1,1,1,1,1,1,0.986111111111111,0.976744186046512,1,1
TCGA-AQ-A7U7-01A,1,0.992805755395683,1,0.988636363636364,1,0.978021978021978,0.987341772151899,0.993506493506494,1,0.986486486486486,1,0.981981981981982,0.985294117647059,1,0.978021978021978,0.984375,0.987012987012987,1,0.96875,1,1,1,0.984615384615385,1,0.980392156862745,0.966666666666667,0.985915492957746,1,0.986301369863014,1,0.993366500829188,1,0.971428571428571,0,0.989130434782609,1,1,0.986111111111111,0.981818181818182,1,1,0.984126984126984,1,1,0.996309963099631,0.988095238095238,0.977777777777778,0.9875,1,1,0.984126984126984,1,1,1,1,1,1,1,1,0.988636363636364,1,1,1
TCGA-AQ-A04H-01B,0.992700729927007,1,0.984375,0.989247311827957,0.993788819875776,1,0.988095238095238,0.993710691823899,1,0.987341772151899,0.987341772151899,0.991452991452991,0.986301369863014,0.986111111111111,1,0.985507246376812,1,1,1,0.986486486486486,1,0.982142857142857,1,1,1,0.984848484848485,0.973333333333333,1,0.987179487179487,0.986301369863014,0.99672131147541,1,0.986842105263158,0.989130434782609,0,1,1,1,1,1,1,1,1,1,0.996376811594203,0.98876404494382,0.989583333333333,1,0.988636363636364,1,1,1,1,0.987341772151899,0.984126984126984,1,1,1,1,0.989247311827957,1,0.967741935483871,1
TCGA-A1-A0SF-01A,1,1,1,1,0.993377483443709,1,1,1,0.987012987012987,1,1,0.990654205607477,1,1,0.988505747126437,1,0.993333333333333,1,1,1,1,1,1,1,1,1,0.984848484848485,1,0.970149253731343,1,0.994991652754591,1,1,1,1,0,1,1,1,1,1,1,0.980769230769231,0.984848484848485,0.988636363636364,0.987341772151899,1,1,1,1,1,1,0.982456140350877,1,1,1,1,1,1,1,1,1,0.981132075471698
TCGA-OL-A66O-01A,1,1,1,1,1,1,0.980392156862745,1,1,1,1,0.988095238095238,0.975,1,1,1,0.992125984251969,1,1,1,1,1,1,1,1,1,0.976744186046512,1,1,1,0.996533795493934,1,1,1,1,1,0,1,1,1,1,1,1,1,1,1,1,1,0.981818181818182,1,1,1,1,1,1,1,1,1,1,0.966101694915254,1,1,1
TCGA-A7-A26E-01A,1,1,1,1,1,0.987012987012987,1,1,1,0.96551724137931,1,0.989690721649485,1,1,0.987012987012987,0.979591836734694,0.992857142857143,1,0.98,1,0.989690721649485,1,0.98,1,0.972222222222222,0.978260869565217,0.982142857142857,1,0.982758620689655,1,0.996610169491525,1,0.982142857142857,0.986111111111111,1,1,1,0,0.975,1,1,0.979166666666667,1,1,0.99609375,1,0.986842105263158,1,1,1,0.979166666666667,1,1,1,1,1,1,1,1,0.972222222222222,1,1,1
TCGA-D8-A1Y2-01A,1,1,1,1,1,0.983333333333333,1,1,1,0.976190476190476,1,1,1,1,0.983333333333333,0.96875,0.991869918699187,1,0.96969696969697,1,1,1,0.96969696969697,1,0.947368421052632,0.96551724137931,0.974358974358974,1,0.975609756097561,1,0.99650959860384,1,0.974358974358974,0.981818181818182,1,1,1,0.975,0,1,1,0.967741935483871,1,1,0.99581589958159,1,0.983050847457627,1,1,1,0.967741935483871,1,1,1,1,1,1,1,1,0.963636363636364,1,1,1
TCGA-EW-A2FW-01A,1,1,1,1,1,1,1,1,1,1,1,1,1,1,1,1,1,1,1,1,0.988372093023256,1,1,1,1,1,1,1,1,1,0.998275862068965,1,1,1,1,1,1,1,1,0,1,1,1,1,1,1,1,1,1,1,0.972972972972973,1,1,1,1,1,1,1,1,0.983870967741936,1,1,1
TCGA-A7-A26J-01A,1,1,1,1,1,1,1,1,1,1,1,1,1,1,0.984615384615385,1,0.9921875,1,1,1,1,1,1,1,1,1,1,1,1,1,1,1,1,1,1,1,1,1,1,1,0,1,1,1,1,1,1,1,1,1,1,1,0.971428571428571,1,1,1,1,1,1,0.983606557377049,1,1,1
TCGA-OK-A5Q2-01A,1,0.991304347826087,1,1,1,0.985294117647059,1,0.992307692307692,1,0.98,1,1,1,1,0.985294117647059,0.975,0.99236641221374,0.976744186046512,0.975609756097561,1,1,1,0.95,1,0.962962962962963,0.972972972972973,0.978723404255319,1,0.958333333333333,1,0.998281786941581,1,0.956521739130435,0.984126984126984,1,1,1,0.979166666666667,0.967741935483871,1,1,0,1,1,0.991869918699187,1,0.96969696969697,1,1,1,0.974358974358974,0.967741935483871,1,1,1,1,1,1,1,0.984375,1,1,1
TCGA-AO-A0JG-01A,1,1,1,1,1,1,1,1,0.980769230769231,1,1,1,1,1,1,1,1,1,1,1,1,1,1,1,1,1,1,1,0.976744186046512,1,1,1,1,1,1,0.980769230769231,1,1,1,1,1,1,0,1,1,1,1,1,1,1,1,1,0.96875,1,1,1,1,1,1,1,1,1,1
TCGA-D8-A1XF-01A,1,0.991869918699187,1,1,0.992857142857143,1,0.984126984126984,1,1,0.982758620689655,1,1,1,1,0.986842105263158,1,0.992805755395683,1,1,1,1,1,1,1,1,1,1,1,0.982456140350877,0.980769230769231,0.993185689948893,1,1,1,1,0.984848484848485,1,1,1,1,1,1,1,0,1,1,1,0.984375,1,1,1,1,1,0.982758620689655,1,0.982456140350877,1,1,0.986111111111111,1,1,1,1
TCGA-EW-A1IZ-01A,0.990445859872611,0.993788819875776,1,0.996323529411765,0.994100294985251,0.985347985347985,0.99236641221374,0.988059701492537,0.996240601503759,0.992217898832685,0.984313725490196,0.996621621621622,1,1,0.992727272727273,0.991902834008097,0.982035928143713,1,0.991935483870968,1,0.989795918367347,1,0.991935483870968,0.995833333333333,0.995744680851064,0.991803278688525,0.996078431372549,1,0.9921875,0.99203187250996,0.983290488431877,1,0.988142292490119,0.996309963099631,0.996376811594203,0.988636363636364,1,0.99609375,0.99581589958159,1,1,0.991869918699187,1,1,0,0.996268656716418,0.989010989010989,0.996212121212121,0.99625468164794,0.995967741935484,0.995951417004049,1,1,0.996124031007752,0.995867768595041,0.9921875,0.992753623188406,0.991769547325103,0.992619926199262,0.996323529411765,0.995884773662551,1,1
TCGA-A2-A0SW-01A,0.984375,1,0.963636363636364,1,0.986842105263158,1,0.973333333333333,0.986666666666667,1,0.971428571428571,0.985915492957746,0.981481481481481,0.984615384615385,0.984375,1,0.966666666666667,1,1,1,0.984848484848485,1,1,1,1,1,0.964912280701754,0.970149253731343,1,0.985714285714286,0.984615384615385,0.996677740863787,1,1,0.988095238095238,0.98876404494382,0.987341772151899,1,1,1,1,1,1,1,1,0.996268656716418,0,1,1,0.9875,1,1,1,1,0.985915492957746,0.981818181818182,1,1,1,0.988235294117647,0.976190476190476,1,1,1
TCGA-OL-A66L-01A,1,0.993006993006993,1,0.978021978021978,0.99375,0.989583333333333,1,0.980769230769231,1,0.987179487179487,1,1,0.986111111111111,1,0.968085106382979,0.985294117647059,0.987341772151899,1,0.985507246376812,1,1,1,0.970588235294118,1,0.981818181818182,0.984615384615385,0.986666666666667,1,0.987012987012987,1,0.98841059602649,1,0.986666666666667,0.977777777777778,0.989583333333333,1,1,0.986842105263158,0.983050847457627,1,1,0.96969696969697,1,1,0.989010989010989,1,0,1,1,1,0.96969696969697,1,0.984848484848485,1,1,1,0.989690721649485,1,1,0.978021978021978,1,1,1
TCGA-LL-A7SZ-01A,0.992,0.976923076923077,1,1,0.986486486486486,1,1,1,1,0.985074626865672,0.985074626865672,1,1,1,1,1,0.986394557823129,1,1,1,1,1,1,1,0.977272727272727,0.981481481481481,1,1,1,0.983606557377049,0.994974874371859,0.979591836734694,1,0.9875,1,1,1,1,1,1,1,1,1,0.984375,0.996212121212121,1,1,0,1,1,1,1,1,0.985074626865672,1,1,1,1,0.987654320987654,1,1,0.980392156862745,1
TCGA-AC-A62X-01A,0.984251968503937,0.992592592592593,0.981818181818182,1,0.993421052631579,0.988636363636364,0.986666666666667,0.993333333333333,0.987179487179487,0.985714285714286,0.985714285714286,0.981308411214953,0.984375,0.984126984126984,1,0.983333333333333,0.993377483443709,1,1,0.984615384615385,1,1,1,1,1,0.982456140350877,0.985074626865672,1,0.985507246376812,0.984375,0.996672212978369,1,1,1,0.988636363636364,1,0.981818181818182,1,1,1,1,1,1,1,0.99625468164794,0.9875,1,1,0,1,1,1,1,0.985714285714286,1,1,1,0.982142857142857,1,0.988095238095238,1,1,1
TCGA-AR-A1AN-01A,0.990825688073395,0.991379310344828,1,1,1,1,1,1,1,1,1,1,1,1,1,1,0.992424242424242,1,1,1,1,1,1,1,1,1,1,1,1,1,0.998284734133791,1,1,1,1,1,1,1,1,1,1,1,1,1,0.995967741935484,1,1,1,1,0,1,1,1,1,1,1,1,1,1,1,1,1,1
TCGA-LL-A5YN-01A,1,1,1,1,0.992424242424242,0.985294117647059,1,0.992307692307692,1,0.98,1,1,1,1,0.985294117647059,0.975,0.99236641221374,1,0.975609756097561,1,1,1,0.975609756097561,1,0.962962962962963,0.972972972972973,0.978723404255319,1,0.979591836734694,1,0.994827586206897,1,0.978723404255319,0.984126984126984,1,1,1,0.979166666666667,0.967741935483871,0.972972972972973,1,0.974358974358974,1,1,0.995951417004049,1,0.96969696969697,1,1,1,0,1,1,1,1,0.979591836734694,1,1,1,0.984375,1,1,1
TCGA-BH-A0AU-01A,1,1,1,1,1,1,1,1,1,1,1,1,1,1,0.983333333333333,0.96875,1,1,1,1,1,1,1,1,0.947368421052632,1,1,1,1,0.972222222222222,0.998257839721254,1,1,1,1,1,1,1,1,1,1,0.967741935483871,1,1,1,1,1,1,1,1,1,0,1,1,1,1,1,1,1,1,1,1,1
TCGA-BH-A6R8-01A,1,1,1,1,1,0.985074626865672,1,0.992248062015504,0.982456140350877,1,1,1,0.976744186046512,1,1,1,0.992307692307692,1,1,1,1,1,1,1,1,1,1,1,0.979166666666667,1,0.993079584775086,1,1,1,1,0.982456140350877,1,1,1,1,0.971428571428571,1,0.96875,1,1,1,0.984848484848485,1,1,1,1,1,0,1,1,0.979166666666667,0.970149253731343,1,1,1,1,1,1
TCGA-BH-A0DI-01A,0.983050847457627,0.992063492063492,0.978260869565217,1,0.993006993006993,1,0.984848484848485,0.99290780141844,0.985507246376812,0.983606557377049,0.966666666666667,0.969072164948454,0.981818181818182,0.981481481481481,1,0.980392156862745,0.985815602836879,1,1,0.982142857142857,0.979591836734694,1,1,1,1,0.957446808510638,0.982758620689655,1,0.983333333333333,0.962962962962963,0.996621621621622,1,1,1,0.987341772151899,1,1,1,1,1,1,1,1,0.982758620689655,0.996124031007752,0.985915492957746,1,0.985074626865672,0.985714285714286,1,1,1,1,0,1,1,1,0.978723404255319,0.986666666666667,0.986666666666667,0.978260869565217,1,1
TCGA-BH-A28Q-01A,1,0.981651376146789,1,1,1,1,1,1,1,1,1,0.987951807228916,1,1,0.984126984126984,0.971428571428571,1,1,1,1,1,1,1,1,1,1,1,1,1,1,0.996527777777778,1,1,1,0.984126984126984,1,1,1,1,1,1,1,1,1,0.995867768595041,0.981818181818182,1,1,1,1,1,1,1,1,0,1,1,1,1,1,1,1,1
TCGA-LL-A6FQ-01A,1,0.992,1,1,1,0.974025974025974,1,0.992857142857143,1,1,1,1,1,1,1,1,1,1,1,1,1,1,0.980392156862745,1,1,1,1,1,1,1,0.998310810810811,0.976190476190476,1,1,1,1,1,1,1,1,1,1,1,0.982456140350877,0.9921875,1,1,1,1,1,0.979591836734694,1,0.979166666666667,1,1,0,0.987341772151899,1,1,1,1,1,1
TCGA-B6-A0WZ-01A,1,0.993103448275862,1,1,1,1,0.988235294117647,0.99375,1,1,1,1,0.986486486486486,1,1,1,0.968152866242038,1,1,1,1,1,1,0.983870967741936,1,1,1,1,1,1,0.991776315789474,1,1,1,1,1,1,1,1,1,1,1,1,1,0.992753623188406,1,0.989690721649485,1,1,1,1,1,0.970149253731343,1,1,0.987341772151899,0,1,0.98936170212766,1,1,1,1
TCGA-OL-A5D8-01A,1,1,1,1,0.992248062015504,0.984615384615385,1,1,1,1,1,0.988235294117647,1,1,1,1,0.984251968503937,1,1,1,1,1,1,1,1,1,1,1,1,1,0.996539792387543,1,1,1,1,1,1,1,1,1,1,1,1,1,0.991769547325103,1,1,1,0.982142857142857,1,1,1,1,0.978723404255319,1,1,1,0,1,1,0.96875,1,1
TCGA-A2-A25E-01A,1,0.992857142857143,1,1,1,1,1,0.993548387096774,0.987951807228916,1,1,0.991150442477876,1,1,1,0.984615384615385,1,0.985294117647059,1,1,0.991150442477876,1,1,0.982456140350877,1,1,1,1,1,1,0.99835255354201,1,1,1,1,1,1,1,1,1,1,1,1,0.986111111111111,0.992619926199262,0.988235294117647,1,0.987654320987654,1,1,1,1,1,0.986666666666667,1,1,0.98936170212766,1,0,1,1,1,1
TCGA-BH-A208-01A,0.992481203007519,1,0.983333333333333,1,0.993630573248408,0.989247311827957,0.974683544303798,0.987012987012987,1,0.972972972972973,0.986666666666667,0.991150442477876,0.985507246376812,0.985294117647059,0.978260869565217,0.96875,0.987096774193548,1,0.984848484848485,0.985714285714286,0.991150442477876,1,0.984848484848485,1,0.980769230769231,0.967213114754098,0.971830985915493,1,0.972602739726027,0.985507246376812,0.991708126036484,1,0.986111111111111,0.988636363636364,0.989247311827957,1,0.966101694915254,0.972222222222222,0.963636363636364,0.983870967741936,0.983606557377049,0.984375,1,1,0.996323529411765,0.976190476190476,0.978021978021978,1,0.988095238095238,1,0.984375,1,1,0.986666666666667,1,1,1,1,1,0,1,1,0.983050847457627
TCGA-E9-A2JT-01A,1,1,1,1,1,1,1,1,1,1,1,0.988095238095238,1,1,1,1,0.984126984126984,1,1,0.975609756097561,1,1,1,1,1,1,1,1,1,1,0.994791666666667,1,0.976744186046512,1,1,1,1,1,1,1,1,1,1,1,0.995884773662551,1,1,1,1,1,1,1,1,0.978260869565217,1,1,1,0.96875,1,1,0,1,1
TCGA-E9-A248-01A,1,1,1,1,1,1,1,1,1,1,1,1,1,1,1,1,1,1,1,1,1,1,1,1,1,1,1,1,1,1,1,1,1,1,0.967741935483871,1,1,1,1,1,1,1,1,1,1,1,1,0.980392156862745,1,1,1,1,1,1,1,1,1,1,1,1,1,0,1
TCGA-E9-A5UO-01A,0.990291262135922,1,1,0.983050847457627,1,1,0.98,1,1,1,1,1,1,1,0.984126984126984,1,1,0.973684210526316,1,0.975,1,1,1,1,1,0.96875,1,1,1,1,0.993031358885017,1,1,1,1,0.981132075471698,1,1,1,1,1,1,1,1,1,1,1,1,1,1,1,1,1,1,1,1,1,1,1,0.983050847457627,1,1,0
