,0,1,2,3,4,5,6,7,8,9,10,11,12,13,14,15,16,17,18,19,20,21,22,23,24,25,26,27,28,29,30,31,32,33,34,35,36,37,38,39,40,41,42,43,44,45,46,47,48,49
TCGA-BH-A0HY-01A,0.120722,-0.086439125,0.006770533,0.03313552,-0.16214201,0.04315889,0.33325556,0.18351449,-0.15593784,-0.078347534,-0.008618895,-0.14131927,0.21886788,0.05239062,-0.09717716,0.075968385,0.29719138,-0.029457338,0.005933864,-0.31655553,0.15711184,-0.03409995,0.16779558,-0.00921137,-0.09286367,0.057702407,-0.1733509,0.22701834,0.010323733,0.016249113,0.107361704,0.024408713,0.13461828,-0.15062313,-0.15480208,0.053350065,0.2292638,0.06343717,-0.035679795,0.10566717,0.1830958,-0.15853089,-0.019844517,0.0043651205,0.14351445,-0.16258614,0.17969592,-0.1948752,0.00991834,0.15778103
TCGA-A8-A0A6-01A,0.0053110532,0.0061737453,-0.056511637,0.09215695,-0.09822844,-0.026495373,0.38074538,0.16800414,-0.1704854,-0.08278699,-0.0062885997,-0.17836091,0.31608635,0.13860469,-0.039201487,0.11620078,0.16040653,-0.015242105,-0.23847128,-0.36201292,0.13356766,0.04153831,0.08122465,0.053687967,-0.028251426,-0.071374424,0.004886947,0.18839914,-0.121725775,-0.031153975,-0.10438103,0.06416739,0.065197326,0.020748895,-0.058137838,0.01987982,0.3562439,0.0065637114,-0.0357936,0.00048696855,0.15722203,-0.08550308,0.049899057,0.05361238,0.20474605,-0.17140502,0.039325554,-0.14020355,0.062439065,0.13093206
TCGA-AN-A0XN-01A,-0.013971035,-0.062442765,0.052703854,0.08830611,-0.13985649,-0.060210127,0.24872218,0.047813974,-0.049499948,-0.056311067,0.098220475,-0.26792082,0.28544042,0.16949365,-0.10678666,0.068430975,0.36246252,0.02287418,-0.13698767,-0.25562766,0.1762061,0.051571906,0.12241518,-0.035631835,0.0018734956,0.1303553,-0.14484239,0.28420267,-0.010405562,0.018098183,-0.009071798,0.030687904,0.019901434,0.0014378324,-0.06602555,-0.118287206,0.3503913,0.0777428,-0.0002426953,0.08443153,0.18714352,-0.09631294,0.021410605,-0.03320502,0.06893216,-0.1905669,-0.010540517,-0.11743393,0.0982552,0.18246378
TCGA-AO-A0JI-01A,-0.014134724,-0.19377689,0.049374353,0.11498426,-0.14710651,0.18428272,0.18957502,0.046873774,-0.23041357,0.0378525,0.004292528,-0.07397982,0.35600504,0.2427774,-0.12739345,0.16645841,0.15435983,0.033597868,-0.14615084,-0.3629652,0.21217276,0.033616394,0.21548001,-0.002000943,0.04536385,0.07107102,-0.084236614,0.20281932,-0.12783058,0.048533123,-0.08248782,-0.0018736538,0.08099354,-0.013225027,-0.03131663,0.016000036,0.15122014,0.027793983,-0.07368394,-0.034795824,0.18315324,-0.109873004,0.029479051,0.056903027,0.13583806,-0.22183275,0.020866638,-0.20154917,0.07132184,0.099768616
TCGA-E2-A1LG-01A,0.15806551,-0.06395542,0.1211551,0.057142593,-0.08601488,-0.10228871,0.19928785,0.25109458,-0.22562404,-0.05689654,-0.009945494,-0.24552414,0.269654,0.060306605,-0.19714682,0.11128614,0.24555846,-0.041796405,-0.13728383,-0.2513911,0.014961935,-0.004511696,0.21453413,0.056545574,0.08804873,0.06586636,-0.08731633,0.18862733,-0.056477778,0.113145396,0.103254884,-0.05821249,0.11713183,-0.08386267,-0.04097534,-0.013036234,0.29235402,0.022464005,-0.051987156,0.060259387,0.1746448,-0.17857412,-0.15359208,-0.015165756,0.112678036,-0.20623694,-0.052803222,-0.12564164,-0.084531724,0.17106907
TCGA-AC-A23E-01A,-0.020339662,0.03525528,-0.042775348,0.10619428,-0.1144456,-0.049555033,0.26080343,0.12052315,-0.19222066,-0.059268277,-0.011212248,-0.19205491,0.28827724,0.1843788,-0.10953012,0.09806709,0.29572633,0.011636789,-0.08674174,-0.36011794,0.19882679,-0.046551347,0.13427712,0.05022634,0.036954954,-0.03862885,-0.07126222,0.2409051,-0.054971576,-0.04760478,-0.013191948,0.04832766,0.062496904,0.015441319,-0.03247595,-0.023376059,0.3314263,-0.0006268562,-0.11636739,0.040415995,0.15001172,-0.15062729,0.051313087,-0.03719873,0.11517321,-0.20413229,0.07518774,-0.038973417,0.1627759,0.20385619
TCGA-5T-A9QA-01A,-0.063160956,-0.1668017,0.121339284,0.121487185,-0.055689227,0.17963226,0.18470657,0.20290613,-0.23089544,0.012215028,-0.013202592,-0.18833499,0.31358916,0.026849745,-0.1828081,0.15205254,0.16587363,0.041321695,-0.1058127,-0.32458237,0.18375966,0.022457093,0.19325788,0.027080694,0.013587556,-0.031428367,-0.04660689,0.18139148,-0.111650445,-0.16012011,-0.031470533,-0.13512278,-0.010600264,0.008000125,-0.098066084,-0.09694622,0.29709125,0.03560202,-0.041608058,0.12568586,0.19667289,-0.12228285,-0.04498138,-0.045872822,0.13339467,-0.15751518,0.10204361,-0.1469306,-0.0024556066,0.11399435
TCGA-EW-A1IZ-01A,-0.08037666,-0.123446964,-0.0348186,0.17532408,-0.17173137,0.0821469,0.27076077,0.10746969,-0.16462041,-0.025797158,-0.0378483,-0.13967669,0.30707848,0.22695506,-0.18698886,0.15959816,0.15468727,-0.09980276,-0.09994808,-0.28611204,0.22742088,-0.0073166797,0.102093704,0.0046359175,0.050274685,-0.050774477,-0.088156745,0.30987293,-0.1289767,0.08618231,-0.08013863,0.06849797,0.0053081084,-0.009926085,-0.059062686,0.06841223,0.25001523,-0.060171332,-0.045275994,0.038207836,0.13075173,-0.1541285,0.06907877,0.03609671,0.106809504,-0.22064851,0.09064286,-0.1249336,0.13563976,0.105312
TCGA-C8-A26V-01A,0.12289629,-0.11537093,-0.05288373,0.16323377,-0.02675988,0.0053429054,0.2211339,0.1018943,-0.15400493,0.008055113,-0.054566294,-0.18400703,0.36601087,0.2631375,-0.1761443,0.12718259,0.24034896,0.051215213,0.021605197,-0.34058127,0.24215423,0.021107612,0.115849406,0.04060123,0.06351373,0.011254247,-0.16262046,0.23580877,0.023616293,-0.059515994,-0.0022225245,0.059346132,0.11321985,0.010474082,-0.070994884,-0.008279327,0.23397066,0.02155724,-0.10573275,0.011892015,0.19071464,-0.14486565,0.124138966,0.04851568,0.13875313,-0.11163714,-0.0018379046,-0.13456179,0.022125738,0.12744778
TCGA-E9-A5FL-01A,0.078733236,-0.03491526,0.0600946,0.054528993,-0.05251583,-0.0497872,0.24795198,0.17954841,-0.17521298,-0.036096416,0.043482304,-0.3175542,0.35432354,0.10937942,-0.09855517,0.05206045,0.20457378,0.07825676,-0.11906538,-0.34268746,0.17127854,0.024225453,0.1349712,-0.032623675,-0.030031815,0.11410739,-0.17624708,0.23113552,-0.060102355,-0.10898989,-0.103621,-0.052898362,0.09897442,0.049028113,-0.075572796,-0.060866423,0.29335907,0.06989194,-0.07510509,0.046939906,0.15594625,-0.11729504,0.033628613,0.10835542,0.15465489,-0.11742695,-0.02584264,-0.16200642,-0.07136802,0.0712891
TCGA-UU-A93S-01A,-0.048301972,-0.023138128,0.06481092,0.06512045,-0.049561847,0.01437584,0.32681778,0.21000965,-0.29237318,-0.04527876,-0.038349494,-0.119063675,0.22301066,0.111097865,-0.14355312,0.17776597,0.23478448,0.0155874835,-0.07608769,-0.22279583,0.14983667,-0.044250626,0.30241507,0.08772028,0.07847479,-0.08042072,-0.029512692,0.20761897,-0.07773027,0.04983751,-0.0092110075,-0.017481614,0.10222681,-0.061522126,0.09261091,0.07553459,0.24001838,-0.0057764277,-0.06518277,0.0046017156,0.27851295,-0.19655786,-0.030010447,-0.032109544,0.14694764,-0.23020893,-0.013159084,-0.09265659,0.007640047,0.16064158
TCGA-OL-A5RU-01A,-0.105559945,-0.043237936,0.0063238605,0.22565538,-0.071756385,0.026799196,0.2579288,0.13307035,-0.08926265,-0.013716081,-0.028349943,-0.27644104,0.29602924,0.133494,-0.113669746,0.1661387,0.12997566,-0.046180993,-0.113750614,-0.24122751,0.20705852,0.065131545,0.17038663,0.09921728,0.09227317,-0.073872864,-0.098257154,0.14106636,-0.11674005,0.050457243,0.0781346,0.06260002,0.14699046,-0.049523782,-0.07064062,0.08247564,0.2648209,0.13927597,-0.098832436,0.007928696,0.14266887,-0.21121517,-0.04463338,0.17820768,0.0441467,-0.27250844,-0.115974925,-0.15746278,0.119210996,0.07814099
TCGA-GM-A3NW-01A,0.090486825,0.051796447,-0.028578727,0.031338774,0.0067534256,-0.035820067,0.2747342,0.18023065,-0.123415515,-0.06410722,0.05547072,-0.13611086,0.26364902,0.17292845,-0.060192116,0.10022847,0.25638026,0.106516175,-0.13844971,-0.35270756,0.16465046,-0.039928365,0.19040342,0.11684024,0.024045639,0.046316423,-0.08742183,0.2466318,-0.019107994,-0.0052447426,-0.11779767,0.049287084,0.1692616,-0.0837038,0.056293454,-0.019126974,0.30564114,0.084375575,-0.029604955,-0.06833789,0.20339417,-0.119446,0.08617687,0.14125372,0.22537343,-0.15520832,-0.11665066,-0.112862594,-0.030752271,0.08000704
TCGA-LL-A5YL-01A,0.06584465,-0.08849415,0.03217215,0.04671286,-0.1000449,0.1121467,0.2552697,0.17477167,-0.11516402,0.02937208,-0.029507421,-0.12502675,0.3274016,0.13264564,-0.11666679,0.06861229,0.21420766,0.06800034,-0.11979511,-0.3385923,0.21087475,-0.008608776,0.15446429,0.027394619,0.07780855,-0.046595022,-0.048532624,0.29392973,-0.15281856,0.03915306,-0.1189371,-0.002424098,0.018704576,-0.14055826,-0.03374957,0.027382364,0.2691784,0.09167756,-0.03279643,-0.09571396,0.13877277,-0.0803257,0.120326936,0.18233447,0.11269267,-0.23162554,0.0057877298,-0.18645148,-0.089168735,0.11086819
TCGA-E2-A56Z-01A,-0.041016333,-0.22556275,0.022564432,0.022866929,-0.1785068,0.00024455946,0.2876718,0.1104057,-0.12054122,-0.08621113,0.09537469,-0.15995066,0.20429489,0.1352613,-0.015991582,0.12882033,0.19280109,0.103527166,-0.21223435,-0.30118972,0.05966392,0.07325739,0.26486757,-0.017666647,-0.007986076,0.003654425,-0.057685874,0.18882787,-0.064372435,-0.076542884,-0.03533596,0.042159226,-0.030480659,-0.09571354,-0.02431785,-0.12401726,0.23722202,0.0482374,0.02879601,-0.050448876,0.21187617,-0.09772417,-0.0027461867,-0.02688797,0.13393755,-0.26020145,-0.1670138,-0.027627893,0.10773587,0.3190979
TCGA-B6-A1KF-01A,-0.0569665,0.03794835,0.084823094,0.055104304,-0.07783676,-0.027497482,0.2806324,0.10314593,-0.053780157,0.033174414,-0.003790159,-0.29039124,0.2264419,0.06635599,-0.24351436,-0.024017515,0.236052,0.085601255,-0.09612993,-0.2917163,0.18127248,0.063403115,0.1473599,-0.0076384996,-0.07835491,0.04279877,-0.08784057,0.25349656,-0.11106787,-0.11627456,-0.10686154,-0.0024268443,-0.034446936,-0.006749908,-0.020834789,-0.19208728,0.30133525,0.023549296,-0.05690283,0.13739364,0.22048666,-0.07966966,0.01685918,-0.014594391,0.15709381,-0.22226453,-0.01624941,-0.168182,0.023252094,0.20261136
TCGA-AR-A24L-01A,0.01631335,-0.19834721,0.0792197,0.08553733,-0.1827216,0.0053929943,0.1416133,0.3185002,-0.16867091,-0.056552563,-0.06797833,-0.13302404,0.2510242,0.31245056,0.002557821,0.15207897,0.18765539,-0.032535277,-0.08862598,-0.31475776,0.08448074,0.002340119,0.0958442,0.10362196,0.054622255,0.05026524,-0.12938577,0.21217531,0.0036914484,0.023320807,-0.12670924,0.08416927,0.09411422,0.013595318,-0.03772584,0.053518776,0.29516652,0.0046659545,-0.045873187,-0.060077753,0.26188877,-0.14122674,-0.06488969,-0.010207716,0.08088945,-0.21792372,-0.067525774,-0.082778126,0.018019687,0.16766652
TCGA-AR-A250-01A,0.054529738,-0.015910674,-0.039820254,-0.036786146,-0.16901617,-0.09375961,0.25842705,0.14581254,-0.18237332,-0.15278506,0.07635958,-0.17600976,0.23648724,0.015523307,-0.09871275,0.01434931,0.3002745,0.015804116,-0.12364611,-0.26899388,0.1865199,-0.014279876,0.10574676,-0.026005657,-0.10081894,-0.06143303,0.0030132676,0.28861704,-0.103200674,-0.013795276,-0.04941642,0.02088882,-0.027388839,-0.097045414,-0.061778855,-0.0030966506,0.44235143,-0.029132957,-0.071903355,0.17180523,0.13438733,-0.14010878,-0.045888543,-0.02684638,0.15210117,-0.19331996,0.024145234,-0.09592796,0.034446377,0.12577887
TCGA-E9-A24A-01A,0.13562505,-0.11514156,0.13347378,0.21976428,0.008325761,0.0120899845,0.21494593,0.24484429,-0.11023797,-0.048230212,-0.049882125,-0.15730898,0.35790563,0.23471871,-0.13686615,0.16892412,0.13798693,-0.041309867,-0.065679185,-0.24075723,0.13402438,0.037885536,0.07502978,-0.010936441,0.05667869,0.06170823,-0.19486709,0.23019597,0.018153664,0.004251699,-0.12564759,-0.035334658,0.08106752,-0.037800394,-0.12100934,0.05258,0.2626195,-0.04527371,-0.10565525,0.020312278,0.24101692,-0.13571125,0.064691484,0.0024973548,0.19274232,-0.15870841,0.014179443,-0.17385337,0.007834124,0.13651246
TCGA-B6-A0RE-01A,0.101222046,-0.107095525,0.019702466,0.004031161,-0.089935124,-0.0070351516,0.25159794,0.121401675,-0.13442333,-0.12462003,0.005477287,-0.21970011,0.25786024,0.07675633,-0.11583143,0.09978377,0.28419012,0.10013779,-0.1262988,-0.39745626,0.10770048,0.032239,0.19152062,-0.020575738,-0.03073261,0.10549981,-0.17308232,0.1985641,-0.093801156,0.051423315,0.03305988,0.08567236,0.058827095,-0.07444032,-0.029093698,-0.07945692,0.1632996,0.1519777,-0.043692917,0.016644178,0.22809769,-0.1825754,-0.05454716,-0.0065986086,0.14965875,-0.24094138,-0.015845465,-0.17144614,0.06484241,0.16571699
TCGA-E9-A243-01A,0.15769118,-0.018472366,0.012697822,0.030936318,0.025179738,0.013215895,0.29674426,0.22470415,-0.12750538,-0.02779712,-0.02684936,-0.18124907,0.35598114,0.12461531,-0.193457,0.07364952,0.15166898,0.06562273,-0.1475716,-0.27457044,0.14831261,0.022655345,0.08841686,0.03998375,0.030986423,0.022109834,-0.020058267,0.26472652,-0.13850738,-0.0099098375,-0.15415059,-0.06824903,0.03354523,-0.1478317,-0.10221708,-0.0021264548,0.28221247,-0.00849926,-0.07502122,0.041359693,0.11549374,-0.08242316,0.06483654,0.15075701,0.26754788,-0.09562707,0.03931716,-0.22446182,-0.09108997,0.11862556
TCGA-C8-A26Y-01A,0.014122048,-0.17348002,0.008081747,-0.05251284,0.0216618,-0.009692763,0.18046212,0.07001073,-0.11919494,0.0043013785,-0.03139925,-0.13094246,0.28916317,0.16666396,-0.1513078,0.09468706,0.32579005,0.14432283,-0.10016644,-0.24400751,0.17999034,0.06338108,0.1637277,0.018019287,0.07805109,0.11857215,-0.10872651,0.30031338,-0.06468461,-0.09219308,-0.068055265,0.04924941,-0.013761362,-0.006520521,0.048876382,-0.11897474,0.3140264,0.041967485,-0.0051430366,0.07998595,0.2552808,-0.0859798,0.116964385,-0.12103141,0.24346732,-0.1458293,-0.010265903,-0.07715581,-0.012152107,0.2001023
TCGA-E9-A1NF-01A,0.07846942,-0.13653159,-0.001756188,0.0109020835,-0.14289412,-0.059190877,0.3134231,0.22535022,-0.2357293,-0.053972002,-0.06007185,-0.26009873,0.30396006,0.08415645,-0.13031979,0.11187815,0.22314066,0.05677118,-0.11361977,-0.31940714,0.12672149,0.033024766,0.18262866,0.06366108,0.06129828,-0.008140879,-0.0891301,0.22226594,-0.10002262,-0.032047212,0.035782643,0.012630581,0.04438753,-0.021957275,-0.026226226,-0.039661698,0.31136253,0.048637673,-0.0032373643,0.009572481,0.15901479,-0.1317169,-0.02472986,0.007389915,0.12913057,-0.17611806,0.030817406,-0.12311609,-0.05993641,0.18017563
TCGA-HN-A2NL-01A,-0.08145583,-0.134035,0.10089322,0.21641152,-0.056232236,0.13137479,0.27237675,0.1133754,0.029751739,-0.07212235,-0.07316411,-0.28739664,0.31657138,0.104680546,-0.18989168,0.121940695,0.07959054,0.035925843,-0.08981068,-0.20392428,0.19154586,0.054321818,0.21073121,-0.040253576,0.053813063,0.0015374537,-0.24224259,0.216594,-0.16138102,0.03505393,-0.07568524,0.027057815,0.02632411,-0.08620716,0.025158396,-0.05796864,0.13176304,0.098602034,-0.026404904,0.04331261,0.18746938,-0.24127321,-0.035378985,0.046995558,0.07086679,-0.2752258,0.03658776,-0.13530014,0.1009963,0.14283365
TCGA-E9-A1RB-01A,0.04552053,0.03898913,0.1961521,0.11696827,-0.06632005,-0.060020518,0.25517318,0.24004409,-0.114082254,-0.052534852,0.00865118,-0.29437572,0.2640334,0.04787481,-0.26628914,0.06628707,0.107009545,0.035757635,-0.09005835,-0.20430781,0.12646015,0.004308867,0.1610898,0.034850497,-0.0010979915,-0.050656375,-0.03073262,0.23089108,-0.05111707,0.01977903,-0.111643285,-0.16324973,-0.04179826,-0.16277081,-0.09993122,-0.0729569,0.390977,-0.08927474,-0.07482241,0.07641052,0.16796513,-0.09642205,-0.009490211,0.026083402,0.14060546,-0.14266565,-0.003919422,-0.19809343,-0.06907388,0.14404696
TCGA-A7-A26I-01A,-0.08228342,-0.072513215,0.08931646,0.08348069,-0.0804152,-0.053846218,0.2782906,0.15885228,-0.13171066,0.004402953,0.07617775,-0.24872504,0.2621034,0.19526519,-0.15167353,0.13860227,0.21228635,0.1061692,-0.16135506,-0.18331754,0.1321094,0.0012313329,0.24056828,-0.00063152134,0.09438433,0.22132093,-0.13957833,0.28058618,-0.11626783,-0.00020950162,0.005716017,-0.03112586,0.092028864,-0.025611669,0.08772081,-0.03966972,0.20731677,-0.0025505535,-0.03836285,0.021527408,0.1876366,-0.19838539,-0.08165493,0.08923616,0.1414152,-0.17392176,-0.054194614,-0.1671976,0.09046442,0.15212192
TCGA-AC-A2FF-01A,-0.1055689,-0.052754644,0.0067119747,0.12605442,0.070159696,0.037464406,0.21426782,0.14161211,-0.114398055,0.095194414,-0.14328186,-0.26485777,0.33424154,0.12244796,-0.12251748,0.062496845,0.1429279,0.15083718,0.012745257,-0.2220606,0.23681623,0.020333614,0.18202305,0.020846128,0.17156994,-0.010123756,-0.15570241,0.29695627,-0.12812345,-0.1021957,0.0310309,0.05272506,0.08292762,-0.020972038,0.1048127,0.003947707,0.23543608,0.05018191,-0.044005595,0.07454497,0.17361522,-0.21564856,0.056136686,0.19227612,0.12588568,-0.1872295,-0.048024885,-0.16249421,-0.061314102,0.014416929
TCGA-D8-A27I-01A,0.03995489,-0.15077083,-0.061432704,0.021804674,-0.09626096,0.010045182,0.23646344,0.09962593,-0.19673896,-0.095895335,-0.021850828,-0.25303394,0.35656568,0.15567914,-0.1993028,0.14795934,0.13538387,0.035265747,-0.10562383,-0.3335451,0.22400747,0.0145015735,0.19515195,0.0335209,0.089899555,-0.10224287,-0.03547126,0.19255163,-0.13168274,0.09302269,0.04279384,0.01989681,0.018003073,-0.108947545,-0.116781674,0.032569904,0.26516733,0.11107056,-0.047727287,-0.04098434,0.09336071,-0.16852221,0.12808156,0.11935187,0.11109407,-0.17588389,-0.022791544,-0.1344877,0.019679273,0.10302576
TCGA-GM-A2DI-01A,-0.06064179,-0.16262338,0.079127215,0.13240416,-0.122796275,0.10152033,0.24246788,0.11397464,0.030129006,-0.050430607,-0.04999913,-0.25507134,0.27218086,0.22848406,-0.24748272,0.069027856,0.14226863,0.024044525,-0.06814433,-0.2171795,0.13469161,-0.0141678285,0.22391903,0.12843743,0.13696635,-0.0589725,-0.07418283,0.22501062,-0.18026888,0.14169304,-0.03127411,0.12655582,0.06868331,-0.2045483,-0.035819296,-0.012354564,0.20088395,0.02594244,-0.06930125,0.033789854,0.14796379,-0.217077,-0.030546216,0.05858612,0.06730369,-0.21985307,-0.0710778,-0.1325508,0.06369724,0.17935815
TCGA-A2-A1G4-01A,0.18072337,-0.148883,-0.036079433,0.20950827,-0.16388482,0.06975076,0.2157862,0.15096048,-0.10104155,-0.037175197,0.06497118,-0.048091836,0.31161207,0.076877,0.0066279676,0.0750817,0.25867927,-0.0579383,-0.10538948,-0.27453813,0.1892335,0.04446329,0.1329722,-0.021083647,-0.03209471,-0.10174757,-0.13583545,0.27871844,-0.001398667,-0.047526382,-0.017952004,-0.025899747,0.09525267,-0.14326167,-0.12937829,0.036566626,0.35056555,0.07550124,-0.060259964,0.007712475,0.14080456,-0.078380704,-0.011049608,0.08916167,0.060517922,-0.29064798,-0.045847043,-0.08850039,-0.0069185584,0.19111775
TCGA-D8-A1XB-01A,0.07433234,-0.12036322,0.15616372,0.065274574,-0.12808692,0.07535209,0.23107031,0.114690915,-0.09692642,-0.054738414,-0.009260141,-0.25604236,0.29362816,0.22076531,-0.1349034,0.096396744,0.25134295,-0.013273886,-0.10759401,-0.3807828,0.083594054,-0.034473646,0.16499159,0.08307219,0.11251781,0.13819794,-0.17809302,0.22299811,-0.03543958,0.14027253,-0.1495148,0.1525214,0.12883304,-0.08487654,-0.020748666,-0.032034874,0.1972126,0.033577573,0.017804276,-0.032920923,0.1347003,-0.15418984,0.04974659,0.057805043,0.075868115,-0.19284284,-0.022079766,-0.11274401,-0.022275764,0.09590816
TCGA-BH-A0H9-01A,0.022086862,-0.16855071,0.17194892,0.17660108,-0.19249001,0.089064814,0.20122428,0.10558386,0.010622207,0.03557446,-0.038110573,-0.14919579,0.38944408,0.211792,-0.14613315,0.0055509377,0.18889378,0.023335272,-0.08629848,-0.24672042,0.17366618,0.05583839,0.09782398,0.10444507,0.05726432,0.10769756,-0.13038659,0.16914624,-0.13748495,-0.023267629,-0.0116239255,0.025210857,0.109642565,-0.073929615,-0.10419564,-0.06778546,0.26395124,-0.0008357251,-0.1078797,0.078405015,0.17053379,-0.077181436,0.005800631,-0.061522156,0.14444068,-0.19208209,0.15377083,-0.2592244,0.030073792,0.15154001
TCGA-E9-A1NA-01A,-0.04761619,0.09713587,0.015289995,0.08990888,-0.013173086,-0.072303005,0.29175183,0.17699839,-0.13684523,0.028293941,0.019356305,-0.25640297,0.21268982,0.07933073,-0.11087444,0.06652333,0.26472494,0.042435218,-0.1043965,-0.2694474,0.16968693,-0.035277735,0.2219502,0.060398128,0.07084885,-0.010318223,-0.082324296,0.29367992,-0.022035178,-0.0017889704,0.042951662,-0.012995482,0.15526074,-0.055061307,-0.00018823982,0.006587308,0.4303156,0.05282388,0.030090533,0.0453832,0.18614359,-0.13926062,0.04169536,0.124005385,0.14495799,-0.17146239,-0.07256613,-0.12434675,-0.014243042,0.06816135
TCGA-BH-A0E2-01A,0.034982402,-0.06506863,0.074779876,0.14975041,-0.09454652,0.04607416,0.2988336,0.18218297,-0.121240675,-0.057564296,-0.05880477,-0.22485167,0.35540017,0.18108204,-0.21948256,0.18132095,0.036688328,-0.02241447,-0.092509605,-0.25769517,0.19481654,0.017514419,0.14792661,0.07604441,0.052278277,0.03652756,-0.08519668,0.16599517,-0.11687269,0.06873308,-0.13510165,-0.0059775314,0.13617393,-0.06262987,-0.05320714,0.03587669,0.26095977,-0.038856212,-0.06432896,0.08918683,0.13921954,-0.14911011,-0.019598505,0.118191026,0.2128608,-0.16317922,0.08329031,-0.22723293,0.03508841,0.08065826
TCGA-E2-A1BC-01A,0.1192875,-0.14215888,-0.0091934195,0.12882566,-0.15476146,0.04742054,0.23875138,0.1527711,-0.12681095,0.0645904,-0.040301133,-0.18457276,0.2795713,0.18359189,-0.15101759,0.06707251,0.232003,0.0037531876,0.008258476,-0.3446579,0.19554122,-0.044220835,0.1796166,0.105492525,0.08103323,-0.026183497,-0.16517349,0.29068652,0.0055498537,0.029250093,0.016505156,0.051418472,0.15773237,-0.100917615,-0.077014334,0.028673707,0.31051645,0.03759012,-0.027814759,-0.063573934,0.114652164,-0.0797933,0.08737457,0.1317133,0.027984783,-0.16002226,-0.019890962,-0.14785591,-0.11088058,0.13493267
TCGA-AC-A6IX-01A,0.06897787,-0.16824512,0.15341432,0.058575228,-0.17769459,0.127005,0.2020418,0.21370874,-0.12830706,-0.01364786,-0.114690356,-0.25691447,0.38107356,0.15598918,-0.16224451,0.09619366,0.14986685,-0.08674051,-0.045908563,-0.34575555,0.10848321,0.0010483126,0.04383407,0.09587779,0.07444045,-0.028516024,-0.071278274,0.19070244,-0.08026588,0.08066102,-0.07430283,0.04672889,-0.051224593,-0.077873304,-0.145672,-0.016525302,0.21486017,0.09904249,-0.047833998,-0.011567987,0.11190888,-0.104678534,0.064858764,0.10287315,0.014293589,-0.2395422,0.11465673,-0.19075158,-0.11925409,0.11692486
TCGA-AR-A1AW-01A,0.053589888,-0.22272769,0.0013195152,0.01027955,-0.23339301,0.05508098,0.19071001,0.16363841,-0.08504543,-0.033319745,-0.04275759,-0.2036607,0.25168675,0.18615283,-0.15318118,0.13566919,0.16299069,-0.008359818,-0.023923505,-0.22713539,0.1882108,0.084195815,0.13771026,0.06863066,0.012408829,0.046402555,-0.087376624,0.23326358,-0.02660391,0.053040702,-0.0072183134,0.07490259,0.099279225,-0.17409602,-0.10972564,0.027706183,0.31171253,0.100460455,0.0646891,0.118245125,0.17186297,-0.14702559,-0.059025157,0.1975251,0.10433585,-0.264387,-0.039086413,-0.2040303,-0.038104154,0.13882782
TCGA-E2-A1LB-01A,-0.07712156,-0.13373378,0.124435246,0.15070923,-0.18463273,0.1832477,0.15205078,0.10176579,-0.0855949,0.042649712,-0.051924184,-0.13981913,0.21625322,0.24253683,-0.15227483,0.10082452,0.14199494,-0.028694963,0.04118216,-0.27170295,0.28537208,0.036907755,0.22444645,0.019889193,-0.039219297,-0.049244653,-0.08777373,0.17788804,0.065285504,0.0737031,-0.064602815,-0.008225519,0.08481567,-0.16211829,-0.1753203,0.06914642,0.3146642,0.033804093,-0.042970013,0.07663276,0.25437802,-0.13821106,0.044819128,0.06387678,0.068036236,-0.20938076,0.0034491576,-0.21584314,0.07988073,0.10463956
TCGA-BH-A0GY-01A,-0.028298927,0.05979201,0.056828376,0.092507094,0.025072439,0.057221785,0.37516186,0.089053154,-0.10548642,-0.0694417,0.031631596,-0.22062027,0.28640664,0.026575133,-0.23130308,0.122358635,0.2016462,0.09704744,-0.111983076,-0.21321844,0.16549976,-0.012217272,0.30224833,0.01866149,0.004824827,-0.026715286,-0.044380274,0.19271976,-0.117438406,-0.0034014748,-0.007051434,-0.068514444,0.043239772,-0.09477838,0.045526594,-0.12928136,0.20212267,0.07502403,-0.037686367,0.11797237,0.22806965,-0.16917238,-0.023310734,0.0022570489,0.22109303,-0.21750164,0.020924415,-0.14124909,0.07767959,0.18290131
TCGA-AR-A24N-01A,0.021766342,-0.089632004,0.15287602,0.097146876,-0.15869588,0.0044849045,0.17808391,0.15314376,-0.12233964,-0.003754049,0.04649348,-0.24149814,0.24443316,0.09559236,-0.18006487,0.075711556,0.22084323,0.08061035,-0.11374818,-0.28277358,0.17021146,0.0032764755,0.28193116,0.03193528,0.058302574,0.07603239,-0.10686784,0.21523345,-0.104503356,0.055935074,0.0015843224,-0.037297796,0.129457,-0.13125052,-0.03630103,-0.0371785,0.35799396,0.015058216,-0.06828314,0.056098986,0.16665898,-0.14650172,-0.11186967,0.04329587,0.10015001,-0.22377023,-0.10365601,-0.17693274,0.012584682,0.13023067
TCGA-OL-A5RV-01A,-0.023425287,-0.06122789,0.00018228186,0.17805265,-0.008159434,-0.005558663,0.2675126,0.21420461,-0.053530186,-0.10486053,-0.1350433,-0.22721158,0.1850948,0.23476078,-0.2908618,0.16569474,0.022064807,0.020671692,0.0024410351,-0.26028082,0.1244704,-0.0012385695,0.08871219,0.1358561,0.03742177,-0.14525194,-0.0901241,0.23556827,-0.038664307,0.0006844322,-0.108809605,0.15377878,0.078939036,-0.07708831,0.00867767,0.021925384,0.2870164,-0.11559862,-0.0021343366,0.06780048,0.26364857,-0.19556332,0.056924112,0.05301491,0.15639976,-0.17716843,-0.04129492,-0.16507718,0.026051361,0.12392614
TCGA-AR-A1AS-01A,0.01643611,-0.1576679,0.116448805,0.22615744,-0.1449173,0.18926837,0.24517797,0.17094946,-0.09016989,0.04643515,0.014322474,-0.13573833,0.2600563,0.12090757,-0.0027418663,0.13845329,0.17853498,0.038031742,-0.05051829,-0.33146614,0.20216602,-0.000104983534,0.23082015,-0.07544096,0.009707319,0.08457606,-0.2587214,0.21107918,0.009442263,-0.09357738,-0.13853565,-0.038159452,0.12890612,-0.05211579,-0.0895551,-0.021921596,0.19363783,0.066769324,-0.02840442,-0.051542282,0.16391245,-0.08909551,-0.014887688,0.09131632,0.059852507,-0.25339562,-0.025347492,-0.0810147,0.08841489,0.20103453
TCGA-OL-A5S0-01A,0.0154935,0.07841697,-0.042179383,0.19086836,0.026351888,0.028136969,0.2509231,0.15045676,0.053937133,0.025922518,0.0052149915,-0.15087897,0.23320451,0.16706586,-0.07918285,0.0531367,0.27171364,0.04088301,-0.20818199,-0.29332098,0.11640907,0.015113148,0.14951709,0.16357173,0.07232892,0.034177564,-0.08976378,0.24184044,-0.07962998,-0.006966165,0.047360685,0.04456461,0.24153994,-0.08001897,-0.019913929,-0.03929103,0.3753761,0.1311649,-0.004988635,0.03767069,0.19067009,-0.11047937,-0.031479515,0.05918307,0.19813347,-0.15033288,0.01876304,-0.1734394,0.102632515,0.1307885
TCGA-E9-A1RH-01A,0.0087333135,-0.070633054,0.097930185,0.12285571,-0.14734273,0.026545495,0.29999864,0.15464951,-0.05928598,-0.09129234,0.07396141,-0.26015216,0.21298571,-0.0051365457,-0.15449381,0.07263605,0.28933904,-0.0037120013,-0.11177362,-0.31296927,0.11918589,-0.0015215215,0.21913433,0.015445041,-0.0653294,0.07039281,-0.19719054,0.2121188,-0.071513504,-0.039537426,-0.012559694,-0.017146634,0.08604292,-0.08968526,-0.08338748,-0.12808591,0.25886214,0.07468113,-0.04670344,0.09852601,0.1747281,-0.15689965,-0.11155199,-0.061842013,0.09471874,-0.2260346,0.024698459,-0.07605025,0.0798593,0.2235755
TCGA-BH-A8G0-01A,0.00022964232,-0.0962811,-0.06189595,0.20365137,-0.09030553,0.08923759,0.16786224,0.117141254,-0.019305801,0.05062565,-0.0031137133,-0.13506599,0.27909926,0.26472637,-0.11305615,0.028959429,0.11238076,0.01781184,-0.08570979,-0.36449346,0.23393117,0.0012818965,0.10546383,0.04729429,-0.016972102,-0.025205312,-0.13299286,0.28400534,-0.09782958,-0.03247882,-0.12837437,0.087101854,0.14177513,-0.09170378,-0.1393345,0.06048197,0.3040788,-0.0039502876,-0.17286846,0.010273603,0.13053869,-0.10590117,0.07169568,0.17600437,0.14374624,-0.16255075,-0.10165231,-0.19054149,0.07631589,0.10702283
TCGA-E9-A1R2-01A,0.050245628,-0.13049477,0.007422212,0.1170397,-0.14718775,0.015068764,0.14780413,0.13041644,-0.09533475,0.0067340005,-0.13741057,-0.24030274,0.3529614,0.23040669,-0.06631496,0.035758436,0.27729708,-0.011509121,-0.059380032,-0.3550776,0.2152724,0.018346166,0.123759575,0.09680181,0.14726199,-0.06430626,-0.16889168,0.23653346,-0.03909615,0.109552786,-0.07135279,0.12311936,0.055104356,-0.04092395,-0.050090108,0.026293715,0.31773004,0.112238765,-0.06439139,-0.09518744,0.10396573,-0.14021671,0.095110446,0.026584709,-0.004624273,-0.1612229,-0.0248441,-0.044157013,-0.031606015,0.10147962
TCGA-A2-A0YG-01A,0.027946696,-0.08422977,-0.05140758,0.09213013,-0.04179921,0.011296261,0.26144058,0.17931655,-0.1698621,-0.11846981,0.03803162,-0.2418977,0.20069605,0.048075266,-0.1165852,0.19283643,0.22007087,0.037311006,-0.2481673,-0.34920844,0.113046035,0.08731178,0.14718872,0.020966351,-0.0438622,-0.011410015,-0.13634863,0.24959765,-0.07935036,-0.064705856,-0.117284775,-0.014222906,0.04578433,0.0060688276,-0.06993285,-0.07978952,0.34578183,0.100674294,0.050522383,0.0038174482,0.19432613,-0.099761985,-0.055655055,-0.013305454,0.14160717,-0.18968861,-0.06899578,-0.07033067,0.0809417,0.17380163
TCGA-OL-A97C-01A,-0.101666324,-0.08479657,0.045007493,0.062016852,-0.09837539,0.16177681,0.28838754,0.16769421,-0.18792358,0.07316949,0.030399244,-0.1463207,0.2434706,0.074836746,-0.17058091,0.09528463,0.10535021,0.040870074,-0.14694577,-0.3587597,0.20912932,-0.018379653,0.2709487,0.092668116,-0.018711805,-0.025012046,0.07662064,0.12968665,-0.17272706,-0.04307186,-0.027006274,-0.055860072,0.09594457,-0.09021271,-0.12702881,-0.0028391927,0.28635037,0.039186146,-0.10962813,0.078104295,0.15105343,-0.098073095,-0.025867939,0.106281206,0.22041346,-0.12779303,0.0033278228,-0.23993118,0.05753196,0.09857151
TCGA-E2-A1B4-01A,-0.013130066,-0.026786465,-0.05026868,0.17728712,-0.09621547,0.11337192,0.18501025,0.11009303,-0.067073576,0.02520952,-0.052495472,-0.13979742,0.29927966,0.20126927,-0.037624177,0.088321485,0.14846547,-0.006748809,-0.07587047,-0.39610887,0.16654415,-0.018761039,0.12429628,-0.0036885517,0.078490615,-0.14421277,-0.06301934,0.29404226,-0.061494764,0.012773279,-0.015930537,0.08444721,0.027517533,-0.06806078,-0.067777805,-0.006630714,0.30349824,0.104310095,-0.027927764,-0.05071039,0.16407673,-0.115311004,0.09217565,0.17610975,0.051696643,-0.36124945,-0.06251959,-0.083782196,0.09229554,0.15565039
TCGA-XX-A899-01A,0.018363655,-0.028926985,-0.030101866,0.10156679,-0.086019814,0.08670486,0.28027937,0.1837402,-0.096386336,-0.15718895,-0.0678723,-0.13071297,0.30945286,0.23465313,-0.07522042,0.13320264,0.14893553,-0.105616435,-0.058817018,-0.16560146,0.15300772,-0.040287696,0.107864656,0.03575951,0.013144853,-0.14521518,-0.06501583,0.27958205,-0.08933594,0.16794531,-0.16424796,0.12614307,0.07765733,-0.09138599,-0.012480369,0.15174437,0.22915539,0.05863894,-0.05287756,0.08702383,0.22800356,-0.19650942,-0.0052754716,0.10866529,0.12145665,-0.31162098,-0.011444503,-0.10745671,0.037747618,0.11947057
TCGA-AR-A5QN-01A,0.047622457,-0.0275182,0.064163335,0.13401562,-0.11919846,0.04369112,0.17418641,0.1433257,-0.09510099,-0.0014132154,0.07177047,-0.12473968,0.3500675,0.3045422,-0.11288399,0.08483128,0.19635847,0.023237403,-0.0981082,-0.2581615,0.14032754,-0.0863328,0.20677716,0.08059454,0.09733194,0.08699877,-0.05083679,0.25673768,-0.10303913,0.14661643,0.018836841,0.0061755665,0.17023277,-0.115302555,-0.039438546,0.042647395,0.2390965,0.020181553,-0.16299306,-0.0047703013,0.17028034,-0.15189344,-0.058546152,0.12403104,0.14089634,-0.21948512,-0.08942178,-0.2009604,0.07042042,0.10506055
TCGA-OL-A5RZ-01A,0.0434594,-0.06688143,0.0064765466,-0.077387236,-0.13224965,0.03404027,0.29568717,0.20509437,-0.10214973,-0.04331557,-0.04577848,-0.1757912,0.22595312,0.058658183,-0.014653207,0.0041945674,0.3089482,0.17228346,-0.0057589593,-0.3072329,0.16884682,-0.036397543,0.28018045,0.084383875,-0.0029781223,-0.09201924,-0.0771116,0.22559723,-0.03685489,-0.08376841,-0.039011646,0.0008933048,0.0008136639,-0.17132969,0.010273875,-0.10936006,0.26898378,0.17049502,-0.01905281,-0.04627861,0.20100124,-0.093742564,0.04117711,0.019216174,0.11504699,-0.21257359,-0.024740318,-0.030423922,-0.06835548,0.2607068
TCGA-LL-A8F5-01A,0.09110962,-0.051986378,0.020600948,0.000949796,-0.122790344,-0.033598077,0.2995192,0.1999818,-0.111566566,-0.029275175,-0.008812927,-0.28417292,0.20287378,-0.07664844,-0.085613966,0.055597484,0.2407249,0.08511363,-0.13232775,-0.36007428,0.1617221,0.046609912,0.20456639,0.076767236,-0.016970279,0.053982537,-0.14318758,0.1667795,-0.08350409,-0.13102187,-0.05751767,0.006682282,0.1475914,-0.10011433,-0.065184526,-0.08926913,0.39284202,0.111766726,0.02240066,0.050083723,0.074982084,-0.08181633,-0.04916367,0.06554811,0.17047322,-0.16030301,-0.0019616927,-0.08329932,-0.048763838,0.16332318
TCGA-EW-A6SC-01A,-0.12307768,-0.051876426,0.11458823,0.12937306,-0.013169517,0.09651246,0.21425258,0.15290827,-0.212676,-0.072870426,0.017516294,-0.19278915,0.33893237,0.19782138,-0.022696653,0.23571311,0.14073823,-0.00032988747,-0.13350329,-0.28380802,0.11645751,0.050484724,0.15580434,-0.031614047,0.0203246,0.03292047,-0.077532195,0.18927771,-0.04594324,-0.019465629,-0.049774148,-0.013944026,-0.005683553,0.0870791,0.013711356,-0.032926686,0.18167678,0.110603996,-0.05059253,0.03966312,0.32675847,-0.18949339,-0.029848145,0.036979634,0.13370721,-0.32296634,-0.05905168,-0.13098063,0.12115695,0.081590734
TCGA-A2-A0T5-01A,0.058815695,-0.09277551,0.20116185,0.07711588,-0.1425462,-0.010603769,0.13616802,0.20213048,-0.11980702,-0.040123843,-0.069509946,-0.12638439,0.27838463,0.1653228,-0.05437098,0.04667562,0.19837376,0.10020066,-0.018707063,-0.41590044,0.09447233,-0.022170333,0.13151427,0.023472792,0.0026271692,0.11750903,-0.11240056,0.12082685,0.0062243626,-0.06184132,0.0416957,0.022302588,0.06317988,-0.09032917,-0.08948446,-0.089994185,0.32155916,-0.111120604,-0.10783544,0.07607729,0.23580714,-0.14675121,-0.034947596,-0.1680972,0.21688348,-0.16741112,0.11729465,-0.16895185,0.10344934,0.14737988
TCGA-A2-A0SW-01A,0.028556095,-0.05375963,0.09055237,0.2063837,-0.09031192,-0.029545926,0.3302518,0.19434175,-0.19674149,0.011771673,-0.029980358,-0.17383938,0.2650182,0.0821642,-0.10205566,0.109782,0.19126923,-0.025575811,-0.0626326,-0.24946567,0.12878662,-0.0018287526,0.25397062,-0.02740008,0.048259135,-0.061554216,-0.15468486,0.23233832,-0.009809006,-0.025827294,0.0892072,-0.030115519,0.11768022,-0.07725628,-0.046355072,0.057605706,0.28285477,-0.017445419,-0.076032706,0.001376872,0.24089709,-0.15420783,0.03596405,-0.0071067847,0.118070215,-0.2613466,-0.007275832,-0.12534295,0.0044267243,0.22083685
TCGA-AC-A2BM-01A,-0.062266864,0.06275522,0.08833238,0.11063182,-0.033250354,0.076115504,0.23985882,0.19870715,-0.23541299,-0.019043522,-0.041155722,-0.22759025,0.3012447,0.050712507,-0.034344293,0.14470768,0.17969252,0.04578911,-0.017156944,-0.28121656,0.24840385,0.027162217,0.25310674,0.080814615,-0.048845846,-0.06200171,-0.108699575,0.053743605,4.8753343e-05,-0.115683116,-0.016156757,-0.11195737,0.14724068,-0.026759641,-0.106493555,0.014351764,0.25619826,0.1859637,-0.16425303,0.04675832,0.2255222,-0.14154074,-0.0315464,0.08744474,0.1311656,-0.23601222,-0.051847212,-0.12643485,0.03533639,0.117938
TCGA-A7-A56D-01A,-0.053021193,-0.019922478,0.0350625,0.173695,-0.107268,0.092042625,0.29799026,0.13256751,-0.118262075,0.030214231,0.04815667,-0.12432375,0.23286818,0.14342484,-0.19149797,0.11174581,0.18027644,-0.004033624,-0.09956819,-0.30297062,0.17194961,-0.03465875,0.19809043,0.027631829,-0.012836705,-0.12426881,0.052308347,0.25702244,-0.066771604,0.016679356,0.0085062655,-0.038910173,-0.019862045,-0.15226904,-0.12410062,-0.015197024,0.32049343,-0.025108347,-0.09944756,0.032318823,0.20764533,-0.0969858,0.034246556,0.047555033,0.13209137,-0.23884879,-0.02236009,-0.18781994,0.1342692,0.2212237
TCGA-E2-A1IE-01A,-0.005475966,-0.1697246,0.028697608,0.025033675,-0.09856008,0.074263155,0.268614,0.055860385,-0.051903915,-0.006902345,0.028473493,-0.2135277,0.22086719,0.18974493,-0.17732477,0.043305844,0.32744297,0.11146101,-0.0752065,-0.31212425,0.15240012,-0.012160294,0.2864249,0.041484453,0.067396104,0.122870274,-0.17711537,0.27625313,-0.09025996,0.05580341,0.028464736,0.108292565,0.12378419,-0.12823951,0.01790469,-0.06489681,0.15626892,0.08933727,0.00071451283,-0.005659784,0.20399222,-0.18414916,0.016249148,0.0018007831,0.09857918,-0.15582053,-0.046322968,-0.12427974,0.037620176,0.18290019
TCGA-AC-A3OD-01A,0.017988022,-0.18385595,0.022747053,0.21112956,-0.09621889,0.15197565,0.18050183,0.052971557,-0.08992248,0.007052084,0.07490029,-0.12973565,0.30479732,0.13905466,-0.056240115,0.10472507,0.29795521,-0.043809474,-0.16768603,-0.34702292,0.22850293,0.013558891,0.17520474,-0.04257459,0.0520124,0.13097616,-0.2830294,0.25980005,-0.08074876,-0.01794801,-0.10629791,0.061392736,0.15515913,0.002487183,-0.076902,0.006841442,0.20434885,0.09455769,-0.06445517,-0.0024097215,0.06623765,-0.14610274,0.027900325,0.0334061,0.06429656,-0.19203682,-0.011230586,-0.038500957,0.12970729,0.10295979
TCGA-S3-A6ZF-01A,0.038163044,-0.09740084,0.029225761,0.07044538,-0.18244272,0.03145499,0.19807954,0.16523622,-0.21022987,-0.09611691,0.035557993,-0.1251513,0.3257559,0.15059108,-0.06213037,0.1218385,0.21770413,-0.057223413,-0.17587385,-0.33841679,0.1687812,0.009691282,0.17435327,0.0010826732,-0.013603562,0.04138382,-0.072965235,0.19752494,-0.11063195,0.07741587,-0.072793745,0.030117562,0.09152547,-0.024498224,-0.090916954,0.021254772,0.30075628,0.062006164,-0.09438487,0.07746288,0.17809534,-0.14259487,-0.07342529,0.010790896,0.1760029,-0.28541467,-0.03405879,-0.121659994,0.09154246,0.13243413
TCGA-E2-A570-01A,0.0728631,0.00049383653,0.11151313,0.11217941,0.039500613,0.13218205,0.19669569,0.18869784,-0.13370027,0.075600035,0.07061463,-0.121239804,0.27328625,0.09894635,-0.03305133,0.03730257,0.23181057,0.0040451437,-0.18783224,-0.3410083,0.0449641,-0.08527817,0.20096792,0.080576524,0.09264945,-0.031484947,-0.02180868,0.2838698,-0.06467024,0.022954432,-0.07891372,0.0061287433,0.15910281,-0.15227257,-0.06456893,0.056577124,0.3219136,0.07826633,-0.059876613,-0.048148666,0.17099543,-0.09066377,0.0739231,0.18392581,0.15242149,-0.20149067,-0.16943501,-0.1478475,-0.13148126,0.05512205
TCGA-D8-A1XJ-01A,0.031985268,-0.060887072,0.088989615,0.043039948,-0.046966128,-0.05734116,0.27809784,0.19217254,-0.1603094,-0.06654294,0.019858738,-0.24599898,0.21470565,0.16290219,-0.14638163,0.16213806,0.14487751,0.1449969,-0.17342958,-0.37719545,0.04157445,0.014077016,0.17779808,0.06843641,0.026890535,0.118571036,-0.077890165,0.207934,-0.029790161,-0.034651265,0.015986301,-0.0037495687,0.07985991,-0.04941279,-0.0041777245,-0.10108921,0.32374924,-0.037450712,0.05428898,-0.023227915,0.25095755,-0.11429395,0.015793502,-0.041515954,0.23228528,-0.08879502,0.034709606,-0.22198609,0.03948048,0.12106421
