Algorithm	Sample_Fraction	Replicate	n_samples	p_total	p_RNAseq	p_CNV	p_Methylation	p_miRNA	p_SNPs	SNF_K	SNF_sigma	SNF_t	n_clusters	ARI_to_Ground_Truth	Average_Silhouette_Width	SNF_Elapsed_Seconds	SNF_PeakRAM_MiB
SNF	10	1	63	143830	56717	35858	36761	1568	12926	25	0.5	50	2	0.230931644233307	0.728120429620979	0.0579999999999998	94.9
SNF	10	2	63	143830	56717	35858	36761	1568	12926	25	0.5	50	2	0.202944507361268	0.685113374924621	0.0560000000000009	94.8
SNF	10	3	63	143830	56717	35858	36761	1568	12926	25	0.5	50	2	0.689740856347447	0.68840542529383	0.0559999999999992	94.8
SNF	10	4	63	143830	56717	35858	36761	1568	12926	25	0.5	50	2	0.873299832495813	0.729709101472642	0.0570000000000004	94.8
SNF	10	5	63	143830	56717	35858	36761	1568	12926	25	0.5	50	2	0.933460968230121	0.748639390044713	0.0559999999999992	94.8
SNF	10	6	63	143830	56717	35858	36761	1568	12926	25	0.5	50	2	0.42592910979607	0.637571432970592	0.0560000000000009	94.8
SNF	10	7	63	143830	56717	35858	36761	1568	12926	25	0.5	50	2	0.741076885740994	0.688120396709164	0.0559999999999992	94.9
SNF	10	8	63	143830	56717	35858	36761	1568	12926	25	0.5	50	2	0.441335626086872	0.652792327434278	0.0559999999999992	94.8
SNF	10	9	63	143830	56717	35858	36761	1568	12926	25	0.5	50	2	0.363416738567731	0.654698351498111	0.0570000000000022	94.8
SNF	10	10	63	143830	56717	35858	36761	1568	12926	25	0.5	50	2	0.542457350967989	0.704091475282177	0.0560000000000009	94.8
SNF	20	1	125	143830	56717	35858	36761	1568	12926	25	0.5	50	2	0.795485036977902	0.676918353710022	0.210999999999999	370.5
SNF	20	2	125	143830	56717	35858	36761	1568	12926	25	0.5	50	2	0.703000040965512	0.652608549056541	0.208000000000002	370.5
SNF	20	3	125	143830	56717	35858	36761	1568	12926	25	0.5	50	2	0.800011651982181	0.712541299779034	0.209	370.6
SNF	20	4	125	143830	56717	35858	36761	1568	12926	25	0.5	50	2	0.664819208961607	0.68090989824267	0.209	370.6
SNF	20	5	125	143830	56717	35858	36761	1568	12926	25	0.5	50	2	0.895688026552059	0.76640354174421	0.208000000000002	370.6
SNF	20	6	125	143830	56717	35858	36761	1568	12926	25	0.5	50	2	0.831097819135041	0.704313800116168	0.209	370.6
SNF	20	7	125	143830	56717	35858	36761	1568	12926	25	0.5	50	2	0.933835854615873	0.727535944707131	0.208000000000002	370.5
SNF	20	8	125	143830	56717	35858	36761	1568	12926	25	0.5	50	2	0.554830287206266	0.678125280101844	0.207999999999998	370.5
SNF	20	9	125	143830	56717	35858	36761	1568	12926	25	0.5	50	2	0.802155873498176	0.65690198926347	0.209000000000003	370.6
SNF	20	10	125	143830	56717	35858	36761	1568	12926	25	0.5	50	2	0.534237345701475	0.675809376526852	0.209000000000003	370.6
SNF	50	1	312	143830	56717	35858	36761	1568	12926	25	0.5	50	2	0.956201314250043	0.76767176481885	1.159	817
SNF	50	2	312	143830	56717	35858	36761	1568	12926	25	0.5	50	2	0.79956838281129	0.718093221791668	1.146	817.1
SNF	50	3	312	143830	56717	35858	36761	1568	12926	25	0.5	50	2	0.848880344169321	0.731926180132784	1.133	817.1
SNF	50	4	312	143830	56717	35858	36761	1568	12926	25	0.5	50	2	0.766392503295865	0.698013996380827	1.132	817.1
SNF	50	5	312	143830	56717	35858	36761	1568	12926	25	0.5	50	2	0.888673757313226	0.709028777349653	1.134	817.1
SNF	50	6	312	143830	56717	35858	36761	1568	12926	25	0.5	50	2	0.901487401509571	0.736529553547462	1.023	817
SNF	50	7	312	143830	56717	35858	36761	1568	12926	25	0.5	50	2	0.849615006157288	0.714252685198574	1.01599999999999	817
SNF	50	8	312	143830	56717	35858	36761	1568	12926	25	0.5	50	2	0.813416708417482	0.705542384648749	1.01300000000001	817.1
SNF	50	9	312	143830	56717	35858	36761	1568	12926	25	0.5	50	2	0.789997634962268	0.731851305074941	1.032	817.1
SNF	50	10	312	143830	56717	35858	36761	1568	12926	25	0.5	50	2	0.942321181353588	0.740189951480295	1.03099999999999	817.1
SNF	70	1	438	143830	56717	35858	36761	1568	12926	25	0.5	50	2	0.92857041324123	0.724813946347831	2.25699999999999	975.9
SNF	70	2	438	143830	56717	35858	36761	1568	12926	25	0.5	50	2	0.889707414377255	0.720232895454702	2.241	870.4
SNF	70	3	438	143830	56717	35858	36761	1568	12926	25	0.5	50	2	0.928863473680399	0.742361552652541	2.381	1259.2
SNF	70	4	438	143830	56717	35858	36761	1568	12926	25	0.5	50	2	0.900444834282653	0.723394223281982	2.35600000000002	1143.4
SNF	70	5	438	143830	56717	35858	36761	1568	12926	25	0.5	50	2	0.898461442447433	0.733575699610633	2.32999999999998	1032
SNF	70	6	438	143830	56717	35858	36761	1568	12926	25	0.5	50	2	0.890951365560077	0.704749182692924	2.249	923.4
SNF	70	7	438	143830	56717	35858	36761	1568	12926	25	0.5	50	2	0.938999251159547	0.736868706302458	2.286	820.9
SNF	70	8	438	143830	56717	35858	36761	1568	12926	25	0.5	50	2	0.928863473680399	0.762502128809117	2.29299999999998	820.9
SNF	70	9	438	143830	56717	35858	36761	1568	12926	25	0.5	50	2	0.899703130612041	0.724310696737141	2.34800000000001	820.9
SNF	70	10	438	143830	56717	35858	36761	1568	12926	25	0.5	50	2	0.979031633065311	0.765492687460727	2.28800000000001	820.9
SNF	90	1	562	143830	56717	35858	36761	1568	12926	25	0.5	50	2	0.936248473353474	0.720447134757863	3.98000000000002	1039.6
SNF	90	2	562	143830	56717	35858	36761	1568	12926	25	0.5	50	2	0.921821196715973	0.740733905590386	4.09899999999999	921.6
SNF	90	3	562	143830	56717	35858	36761	1568	12926	25	0.5	50	2	0.929193932180579	0.730279481333493	4.13400000000001	1363
SNF	90	4	562	143830	56717	35858	36761	1568	12926	25	0.5	50	2	0.944203551554611	0.74114605610186	4.18000000000001	1230.4
SNF	90	5	562	143830	56717	35858	36761	1568	12926	25	0.5	50	2	0.937037311165738	0.747480572673066	4.04299999999995	1102.5
SNF	90	6	562	143830	56717	35858	36761	1568	12926	25	0.5	50	2	0.936453824343389	0.738248893718548	4.14500000000004	981.8
SNF	90	7	562	143830	56717	35858	36761	1568	12926	25	0.5	50	2	0.952168311825259	0.74572450842415	3.99700000000001	863.8
SNF	90	8	562	143830	56717	35858	36761	1568	12926	25	0.5	50	2	0.944383583893624	0.732207141777786	4.13300000000004	1295
SNF	90	9	562	143830	56717	35858	36761	1568	12926	25	0.5	50	2	0.936450699650775	0.743109273094197	4.11000000000001	1167.6
SNF	90	10	562	143830	56717	35858	36761	1568	12926	25	0.5	50	2	0.93624529015187	0.753929810866391	4.11500000000001	1042.2
